tableid,NoRows,NoColumn,TotalCellNo,CellEmpty,CellNumeric,CellSemiNumeric,CellText,ContainsAdverse,containsAge,containsBaseline,containsCharacteristicCap,containsDemographic,ContainsExclusion,ContainsInclusion,containsN,containsPatientsCap,containsPatientsCell,ContainsSideEffect,ContainsSignOrSymptomAnnotation,containsEglibility,containsToxicity,containsInclusionExclusionCell,containsHaematologic,containsTrialCap,clas
7,9,3,27,3.7037037037,59.2592592593,0.0,37.037037037,1,0,0,0,0,0,0,0,0,0,0,1,0,0,0,0,0,AdverseEvent
36,7,4,28,0.0,64.2857142857,0.0,35.7142857143,1,0,0,0,0,0,0,0,0,0,0,1,0,0,0,0,0,AdverseEvent
115,12,2,24,0.0,0.0,25.0,75.0,1,0,0,0,0,0,0,1,0,0,0,1,0,0,0,0,0,AdverseEvent
394,6,6,36,0.0,0.0,69.4444444444,30.5555555556,1,0,0,0,0,0,0,0,0,0,0,1,0,0,0,0,0,AdverseEvent
428,44,17,748,34.2245989305,32.0855614973,8.55614973262,25.1336898396,1,1,0,0,0,0,0,1,0,1,0,1,0,0,0,0,0,AdverseEvent
440,8,4,32,6.25,43.75,15.625,34.375,1,0,0,0,0,0,0,0,0,0,0,1,0,0,0,0,0,AdverseEvent
464,16,4,64,0.0,21.875,48.4375,29.6875,1,0,0,0,0,0,0,1,1,0,0,1,0,0,0,0,0,AdverseEvent
765,18,3,54,3.7037037037,0.0,59.2592592593,37.037037037,1,0,0,0,0,0,0,1,1,1,0,1,0,0,0,0,0,AdverseEvent
766,19,4,76,21.0526315789,47.3684210526,0.0,31.5789473684,1,1,0,0,0,0,0,0,0,0,0,1,0,0,0,0,0,AdverseEvent
771,17,9,153,22.2222222222,57.5163398693,0.0,20.2614379085,1,0,0,0,0,0,0,0,1,0,0,1,0,0,0,0,0,AdverseEvent
799,15,7,105,12.380952381,41.9047619048,0.0,45.7142857143,1,0,0,0,0,0,0,0,1,0,0,1,0,1,0,0,0,AdverseEvent
944,10,9,90,26.6666666667,28.8888888889,0.0,44.4444444444,1,0,0,0,0,0,0,0,0,0,0,0,0,0,0,0,0,AdverseEvent
1062,19,4,76,0.0,0.0,71.0526315789,28.9473684211,1,0,0,0,0,0,0,1,0,1,0,1,0,0,0,0,0,AdverseEvent
1091,11,4,44,0.0,50.0,11.3636363636,38.6363636364,1,0,0,0,0,0,0,0,1,0,0,1,0,0,0,0,0,AdverseEvent
1098,13,13,169,3.55029585799,56.8047337278,0.0,39.6449704142,1,0,0,0,0,0,0,0,0,0,0,1,0,0,0,0,0,AdverseEvent
1102,17,2,34,11.7647058824,0.0,41.1764705882,47.0588235294,1,0,0,0,0,0,0,1,1,0,0,1,0,0,0,0,0,AdverseEvent
1111,5,3,15,0.0,0.0,53.3333333333,46.6666666667,1,0,0,0,0,0,0,0,0,0,0,1,0,0,0,0,0,AdverseEvent
1112,11,3,33,0.0,0.0,36.3636363636,63.6363636364,1,0,0,0,0,0,0,0,0,0,0,1,0,0,0,0,0,AdverseEvent
1127,15,2,30,0.0,0.0,46.6666666667,53.3333333333,1,0,0,0,0,0,0,0,1,1,0,1,0,0,0,0,0,AdverseEvent
1170,30,10,300,0.666666666667,81.6666666667,1.33333333333,16.3333333333,1,1,0,0,0,0,0,0,0,0,0,1,0,0,0,0,0,AdverseEvent
1181,19,4,76,0.0,0.0,71.0526315789,28.9473684211,1,0,0,0,0,0,0,1,1,0,0,1,0,0,0,0,0,AdverseEvent
1209,28,10,280,0.714285714286,74.2857142857,8.92857142857,16.0714285714,1,1,0,0,0,0,0,0,0,0,0,1,0,0,0,0,0,AdverseEvent
1217,13,6,78,3.84615384615,6.41025641026,33.3333333333,56.4102564103,1,0,0,0,0,0,0,0,0,0,0,1,0,0,0,0,0,AdverseEvent
1243,12,4,48,6.25,20.8333333333,41.6666666667,31.25,1,1,0,0,0,0,0,1,0,0,0,0,0,0,0,0,0,AdverseEvent
1274,7,4,28,3.57142857143,64.2857142857,0.0,32.1428571429,1,0,0,0,0,0,0,1,0,0,0,1,0,0,0,0,0,AdverseEvent
1277,15,10,150,4.0,54.0,1.33333333333,40.6666666667,1,0,0,0,0,0,0,0,0,0,0,1,0,0,0,0,0,AdverseEvent
1279,6,6,36,5.55555555556,55.5555555556,0.0,38.8888888889,1,0,0,0,0,0,0,0,0,0,0,1,0,0,0,0,0,AdverseEvent
1280,6,7,42,4.7619047619,57.1428571429,0.0,38.0952380952,1,0,0,0,0,0,0,0,0,0,0,1,0,0,0,0,0,AdverseEvent
1285,9,5,45,0.0,71.1111111111,0.0,28.8888888889,1,0,0,0,0,0,0,1,0,0,0,1,0,0,0,0,0,AdverseEvent
1296,14,4,56,8.92857142857,0.0,57.1428571429,33.9285714286,1,0,0,0,0,0,0,1,0,1,0,1,0,0,0,0,0,AdverseEvent
1297,10,4,40,12.5,5.0,22.5,60.0,1,0,0,0,0,0,0,1,0,1,0,1,0,0,0,0,0,AdverseEvent
1309,9,8,72,6.94444444444,30.5555555556,37.5,25.0,1,0,0,0,0,0,0,0,0,0,0,1,0,0,0,0,0,AdverseEvent
1390,28,5,140,4.28571428571,0.0,64.2857142857,31.4285714286,1,0,0,0,0,0,0,0,0,1,0,1,0,0,0,0,0,AdverseEvent
1465,4,4,16,0.0,50.0,0.0,50.0,1,0,0,0,0,0,0,0,0,0,0,0,0,0,0,0,0,AdverseEvent
1466,17,9,153,0.0,20.9150326797,10.4575163399,68.6274509804,1,1,0,0,0,0,0,0,1,0,0,1,0,0,0,0,0,AdverseEvent
1486,21,7,147,1.36054421769,34.0136054422,1.36054421769,63.2653061224,1,0,0,0,0,0,0,0,0,1,0,1,0,0,0,1,0,AdverseEvent
1515,32,4,128,28.125,4.6875,25.78125,41.40625,1,0,0,0,0,0,0,1,1,0,0,1,0,0,0,1,0,AdverseEvent
1517,26,5,130,16.1538461538,0.0,46.1538461538,37.6923076923,1,0,0,0,0,0,0,1,0,0,0,1,0,0,0,0,0,AdverseEvent
1544,17,9,153,7.18954248366,45.0980392157,5.22875816993,42.4836601307,1,0,0,0,0,0,0,0,1,0,0,1,0,0,0,0,0,AdverseEvent
1551,23,11,253,4.34782608696,57.7075098814,14.6245059289,23.3201581028,1,0,0,0,0,0,0,0,0,1,0,1,0,1,0,0,0,AdverseEvent
1585,33,7,231,21.645021645,20.3463203463,7.35930735931,50.6493506494,1,0,0,0,0,0,0,0,1,0,0,1,0,0,0,0,0,AdverseEvent
1618,15,17,255,0.78431372549,25.4901960784,6.27450980392,67.4509803922,1,0,0,0,0,0,0,1,1,1,0,1,0,0,0,1,0,AdverseEvent
1624,19,5,95,0.0,8.42105263158,67.3684210526,24.2105263158,1,0,0,0,0,0,0,0,1,0,0,1,0,0,0,0,0,AdverseEvent
1635,16,6,96,3.125,9.375,58.3333333333,29.1666666667,1,0,0,0,0,0,0,1,1,1,0,1,0,0,0,0,0,AdverseEvent
1664,24,5,120,5.0,8.33333333333,50.8333333333,35.8333333333,1,0,0,0,0,0,0,1,1,1,0,1,0,0,0,0,0,AdverseEvent
1676,14,3,42,30.9523809524,35.7142857143,0.0,33.3333333333,1,0,0,0,0,0,0,1,0,0,0,1,0,0,0,0,0,AdverseEvent
1764,12,2,24,8.33333333333,41.6666666667,0.0,50.0,1,0,0,0,0,0,0,0,0,0,0,1,0,0,0,0,0,AdverseEvent
1792,37,7,259,30.888030888,16.9884169884,31.2741312741,20.8494208494,1,0,0,0,0,0,0,1,0,1,0,1,0,0,0,0,0,AdverseEvent
1800,38,5,190,26.3157894737,0.0,52.6315789474,21.0526315789,1,0,0,0,0,0,0,0,0,1,0,1,0,0,0,0,0,AdverseEvent
1838,28,3,84,30.9523809524,0.0,38.0952380952,30.9523809524,1,0,0,0,0,0,0,0,1,0,0,1,0,0,0,0,0,AdverseEvent
1871,15,4,60,8.33333333333,33.3333333333,16.6666666667,41.6666666667,1,0,0,0,0,0,0,0,1,1,0,1,0,0,0,0,0,AdverseEvent
1875,24,6,144,6.94444444444,38.8888888889,0.0,54.1666666667,1,0,0,0,0,0,0,1,1,1,0,1,0,0,0,0,0,AdverseEvent
1916,9,3,27,7.40740740741,51.8518518519,0.0,40.7407407407,1,0,0,0,0,0,0,0,0,1,0,1,0,0,0,0,0,AdverseEvent
1930,11,5,55,3.63636363636,70.9090909091,0.0,25.4545454545,1,0,0,0,0,0,0,0,0,1,0,1,0,0,0,1,0,AdverseEvent
1947,13,3,39,0.0,0.0,61.5384615385,38.4615384615,1,0,0,0,0,0,0,0,1,1,0,1,0,0,0,0,0,AdverseEvent
1951,11,3,33,12.1212121212,48.4848484848,0.0,39.3939393939,1,0,0,0,0,0,0,1,0,1,0,0,0,0,0,0,0,AdverseEvent
1958,9,13,117,1.7094017094,61.5384615385,0.0,36.7521367521,1,0,0,0,0,0,0,1,0,1,0,0,0,0,0,1,0,AdverseEvent
1959,17,13,221,0.904977375566,76.4705882353,0.0,22.6244343891,1,0,0,0,0,0,0,1,0,0,0,1,0,0,0,1,0,AdverseEvent
1962,14,4,56,10.7142857143,0.0,19.6428571429,69.6428571429,1,0,0,0,0,0,0,1,1,0,0,1,0,1,0,1,0,AdverseEvent
1963,12,4,48,2.08333333333,0.0,33.3333333333,64.5833333333,1,0,0,0,0,0,0,1,1,1,0,1,0,0,0,0,0,AdverseEvent
1978,34,7,238,18.487394958,0.0,41.5966386555,39.9159663866,1,0,0,0,0,0,0,1,0,0,0,1,0,0,0,0,0,AdverseEvent
2013,27,2,54,18.5185185185,38.8888888889,0.0,42.5925925926,1,0,0,0,0,0,0,0,0,1,0,1,0,0,0,0,0,AdverseEvent
2027,13,4,52,3.84615384615,46.1538461538,21.1538461538,28.8461538462,1,0,0,0,0,0,0,0,1,1,0,1,0,0,0,0,0,AdverseEvent
2045,17,3,51,7.8431372549,0.0,27.4509803922,64.7058823529,1,0,0,0,0,0,0,0,0,1,0,1,0,0,0,0,0,AdverseEvent
2066,20,2,40,12.5,35.0,0.0,52.5,1,0,0,0,0,0,0,1,0,0,0,1,0,0,0,0,0,AdverseEvent
2161,19,3,57,1.75438596491,0.0,21.0526315789,77.1929824561,1,0,0,0,0,0,0,0,0,1,0,1,0,0,0,0,0,AdverseEvent
2171,6,6,36,8.33333333333,27.7777777778,0.0,63.8888888889,1,0,0,0,0,0,0,0,0,0,0,1,0,0,0,0,0,AdverseEvent
2249,7,5,35,2.85714285714,68.5714285714,0.0,28.5714285714,1,0,0,0,0,0,0,0,0,0,0,1,0,0,0,0,0,AdverseEvent
2279,13,2,26,3.84615384615,0.0,42.3076923077,53.8461538462,1,0,0,0,0,0,0,1,1,1,0,1,0,0,0,0,0,AdverseEvent
2286,20,17,340,49.7058823529,31.1764705882,4.70588235294,14.4117647059,1,0,0,0,0,0,0,1,1,0,0,1,0,0,0,0,0,AdverseEvent
2295,6,2,12,0.0,8.33333333333,8.33333333333,83.3333333333,1,0,0,0,0,0,0,0,0,1,0,1,0,0,0,0,0,AdverseEvent
2316,9,5,45,2.22222222222,62.2222222222,0.0,35.5555555556,1,0,0,0,0,0,0,0,0,0,0,1,0,0,0,0,0,AdverseEvent
2338,16,6,96,2.08333333333,77.0833333333,0.0,20.8333333333,1,0,0,0,0,0,0,0,1,1,0,1,0,0,0,0,0,AdverseEvent
2374,15,6,90,7.77777777778,11.1111111111,55.5555555556,25.5555555556,1,0,0,0,0,0,0,1,0,0,0,1,0,0,0,0,0,AdverseEvent
2406,18,4,72,0.0,4.16666666667,50.0,45.8333333333,1,0,0,0,0,0,0,1,0,1,0,1,0,0,0,0,0,AdverseEvent
2532,19,4,76,13.1578947368,0.0,11.8421052632,75.0,1,0,0,0,0,0,0,1,0,0,0,1,0,1,0,0,0,AdverseEvent
2662,17,3,51,0.0,0.0,17.6470588235,82.3529411765,1,0,0,0,0,0,0,1,1,0,0,1,0,0,0,0,0,AdverseEvent
2699,13,7,91,1.0989010989,35.1648351648,26.3736263736,37.3626373626,1,0,0,0,0,0,0,1,0,1,0,1,0,0,0,0,0,AdverseEvent
2750,12,4,48,10.4166666667,31.25,0.0,58.3333333333,1,0,0,0,0,0,0,0,0,0,0,1,0,0,0,0,0,AdverseEvent
2778,20,6,120,2.5,10.8333333333,58.3333333333,28.3333333333,1,0,0,0,0,0,0,1,1,0,0,1,0,0,0,0,0,AdverseEvent
2782,15,3,45,2.22222222222,62.2222222222,0.0,35.5555555556,1,0,0,0,0,0,0,1,0,0,0,1,0,0,0,0,0,AdverseEvent
2885,12,5,60,0.0,45.0,15.0,40.0,1,0,0,0,0,0,0,0,0,0,0,1,0,0,0,0,0,AdverseEvent
2888,14,4,56,1.78571428571,26.7857142857,37.5,33.9285714286,1,0,0,0,0,0,0,0,0,0,0,1,0,0,0,0,0,AdverseEvent
2923,26,28,728,5.63186813187,81.5934065934,1.78571428571,10.989010989,1,0,0,0,0,0,0,1,0,1,0,1,0,0,0,0,0,AdverseEvent
3155,21,6,126,4.7619047619,64.2857142857,7.14285714286,23.8095238095,1,1,0,0,0,0,0,1,0,0,0,0,0,0,0,0,0,AdverseEvent
3156,18,6,108,5.55555555556,63.8888888889,5.55555555556,25.0,1,1,0,0,0,0,0,1,0,0,0,0,0,0,0,0,0,AdverseEvent
3162,17,4,68,10.2941176471,23.5294117647,13.2352941176,52.9411764706,1,0,0,0,0,0,0,0,1,1,0,1,0,0,0,0,0,AdverseEvent
3176,6,5,30,6.66666666667,66.6666666667,0.0,26.6666666667,1,0,0,0,0,0,0,0,0,1,0,0,0,0,0,1,0,AdverseEvent
3251,14,28,392,21.9387755102,24.2346938776,0.765306122449,53.0612244898,1,0,0,0,0,0,0,0,1,1,0,1,0,0,0,1,0,AdverseEvent
3333,21,7,147,14.9659863946,68.0272108844,0.0,17.0068027211,1,0,0,0,0,0,0,0,0,0,0,1,0,0,0,0,0,AdverseEvent
3338,17,7,119,0.840336134454,49.5798319328,26.0504201681,23.5294117647,1,1,0,0,0,0,0,0,0,1,0,1,0,0,0,0,0,AdverseEvent
3369,15,4,60,8.33333333333,15.0,0.0,76.6666666667,1,0,0,0,0,0,0,0,0,1,0,1,0,0,0,0,0,AdverseEvent
3371,18,9,162,5.55555555556,79.012345679,0.0,15.4320987654,1,1,0,0,0,0,0,0,0,0,0,1,0,0,0,0,0,AdverseEvent
3378,12,4,48,4.16666666667,0.0,41.6666666667,54.1666666667,1,0,0,0,0,0,0,0,1,1,0,1,0,0,0,0,0,AdverseEvent
3379,7,3,21,4.7619047619,0.0,47.619047619,47.619047619,1,0,0,0,0,0,0,0,0,1,0,0,0,0,0,1,0,AdverseEvent
3391,17,5,85,2.35294117647,15.2941176471,45.8823529412,36.4705882353,1,0,0,0,0,0,0,0,0,1,0,1,0,0,0,0,0,AdverseEvent
3399,9,8,72,5.55555555556,47.2222222222,9.72222222222,37.5,1,0,0,0,0,0,0,0,0,0,0,0,0,0,0,0,0,AdverseEvent
3400,14,8,112,3.57142857143,58.9285714286,8.92857142857,28.5714285714,1,0,0,0,0,0,0,0,0,0,0,1,0,0,0,0,0,AdverseEvent
3419,7,15,105,1.90476190476,79.0476190476,0.0,19.0476190476,1,0,0,0,0,0,0,0,0,0,0,1,0,0,0,0,0,AdverseEvent
3420,7,16,112,1.78571428571,79.4642857143,0.0,18.75,1,0,0,0,0,0,0,0,0,0,0,1,0,0,0,0,0,AdverseEvent
3478,28,5,140,0.0,19.2857142857,57.8571428571,22.8571428571,1,0,0,0,0,0,0,0,0,0,0,1,0,0,0,1,0,AdverseEvent
3479,6,5,30,0.0,16.6666666667,50.0,33.3333333333,1,0,0,0,0,0,0,0,0,0,0,0,0,0,0,1,0,AdverseEvent
3484,16,6,96,31.25,26.0416666667,0.0,42.7083333333,1,0,0,0,0,0,0,0,1,0,0,1,0,0,0,0,0,AdverseEvent
3514,16,8,128,7.03125,0.0,70.3125,22.65625,1,0,0,0,0,0,0,1,0,1,0,1,0,0,0,0,0,AdverseEvent
3543,6,6,36,2.77777777778,55.5555555556,0.0,41.6666666667,1,0,0,0,0,0,0,1,1,0,0,1,0,0,0,0,0,AdverseEvent
3558,22,3,66,6.06060606061,39.3939393939,12.1212121212,42.4242424242,1,0,0,0,0,0,0,1,1,0,0,1,0,0,0,0,0,AdverseEvent
3592,21,4,84,13.0952380952,0.0,57.1428571429,29.7619047619,1,0,0,0,0,0,0,1,0,1,0,1,0,1,0,0,0,AdverseEvent
3661,4,4,16,18.75,6.25,50.0,25.0,1,0,0,0,0,0,0,0,1,0,0,0,0,0,0,0,0,AdverseEvent
3736,20,5,100,8.0,0.0,64.0,28.0,1,0,0,0,0,0,0,1,0,1,0,1,0,0,0,0,0,AdverseEvent
3762,6,6,36,2.77777777778,33.3333333333,33.3333333333,30.5555555556,1,0,0,0,0,0,0,0,0,0,0,0,0,0,0,0,0,AdverseEvent
3766,42,10,420,47.8571428571,0.0,18.8095238095,33.3333333333,1,0,0,0,0,0,0,1,1,1,0,1,0,0,0,0,0,AdverseEvent
3811,19,8,152,0.657894736842,4.60526315789,35.5263157895,59.2105263158,1,0,0,0,0,0,0,0,0,0,0,1,0,0,0,0,0,AdverseEvent
3829,16,3,48,10.4166666667,4.16666666667,47.9166666667,37.5,1,0,0,0,0,0,0,1,0,1,0,0,0,0,0,0,0,AdverseEvent
3848,17,5,85,7.05882352941,0.0,65.8823529412,27.0588235294,1,0,1,0,0,0,0,1,1,0,0,1,0,0,0,0,0,AdverseEvent
3849,11,5,55,10.9090909091,0.0,52.7272727273,36.3636363636,1,0,1,0,0,0,0,1,0,0,0,1,0,0,0,0,0,AdverseEvent
3888,40,5,200,37.5,39.0,0.5,23.0,1,0,0,0,0,0,0,1,0,1,0,1,0,0,0,0,0,AdverseEvent
3931,21,9,189,1.0582010582,76.1904761905,0.0,22.7513227513,1,1,0,0,0,0,0,0,1,1,0,1,0,0,0,0,0,AdverseEvent
3979,5,3,15,0.0,53.3333333333,0.0,46.6666666667,1,0,0,0,0,0,0,1,0,0,0,1,0,0,0,0,0,AdverseEvent
4004,11,3,33,3.0303030303,0.0,30.303030303,66.6666666667,1,0,0,0,0,0,0,1,0,0,0,1,0,0,0,0,0,AdverseEvent
4055,14,3,42,4.7619047619,0.0,61.9047619048,33.3333333333,1,0,0,0,0,0,0,1,0,1,0,1,0,0,0,0,0,AdverseEvent
4068,16,4,64,0.0,70.3125,0.0,29.6875,1,0,0,0,0,0,0,1,0,0,0,1,0,0,0,0,0,AdverseEvent
4093,35,8,280,56.0714285714,18.5714285714,8.92857142857,16.4285714286,1,0,0,0,0,0,0,0,0,1,0,1,0,0,0,0,0,AdverseEvent
4111,21,5,105,0.0,72.380952381,0.0,27.619047619,1,0,0,0,0,0,0,0,0,0,0,1,0,0,0,0,0,AdverseEvent
4136,30,7,210,0.0,50.4761904762,0.0,49.5238095238,1,0,0,0,0,0,0,0,1,0,0,1,0,0,0,0,0,AdverseEvent
4163,32,6,192,26.5625,0.0,46.875,26.5625,1,0,0,0,0,0,0,0,0,0,0,1,0,0,0,0,0,AdverseEvent
4202,17,6,102,0.980392156863,3.92156862745,68.6274509804,26.4705882353,1,0,0,0,0,0,0,1,1,1,0,1,0,0,0,0,0,AdverseEvent
4205,12,6,72,1.38888888889,20.8333333333,18.0555555556,59.7222222222,1,1,0,0,0,0,0,0,0,1,0,0,0,0,0,0,0,AdverseEvent
4206,19,9,171,5.84795321637,0.0,43.2748538012,50.8771929825,1,0,0,0,0,0,0,0,0,1,0,0,0,0,0,0,0,AdverseEvent
4209,25,4,100,26.0,2.0,61.0,11.0,1,0,0,0,0,0,0,0,0,0,0,0,0,0,0,0,0,AdverseEvent
4223,42,7,294,48.2993197279,19.387755102,19.0476190476,13.2653061224,1,0,0,0,0,0,0,1,1,1,0,1,0,0,0,0,0,AdverseEvent
4227,30,4,120,15.0,26.6666666667,7.5,50.8333333333,1,0,0,0,0,0,0,1,0,0,0,1,0,0,0,0,0,AdverseEvent
4312,15,5,75,20.0,25.3333333333,14.6666666667,40.0,1,0,0,0,0,0,0,0,0,0,0,1,0,0,0,0,0,AdverseEvent
4350,11,3,33,0.0,18.1818181818,36.3636363636,45.4545454545,1,0,0,0,0,0,0,1,0,0,0,1,0,0,0,0,0,AdverseEvent
4351,16,4,64,0.0,34.375,31.25,34.375,1,0,0,0,0,0,0,1,0,0,0,1,0,0,0,0,0,AdverseEvent
4359,45,5,225,32.8888888889,0.0,48.0,19.1111111111,1,0,0,0,0,0,0,1,0,0,0,1,0,1,0,0,0,AdverseEvent
4379,28,6,168,9.52380952381,0.0,68.4523809524,22.0238095238,1,0,0,0,0,0,0,1,1,0,0,1,0,0,0,0,0,AdverseEvent
4380,71,6,426,3.7558685446,0.0,77.4647887324,18.779342723,1,1,0,0,0,0,0,1,1,0,0,1,0,0,0,0,0,AdverseEvent
4385,19,3,57,0.0,0.0,33.3333333333,66.6666666667,1,0,0,0,0,0,0,0,0,0,0,1,0,0,0,0,0,AdverseEvent
4406,20,3,60,21.6666666667,0.0,33.3333333333,45.0,1,0,0,0,0,0,0,0,0,0,0,1,0,0,0,0,0,AdverseEvent
4442,10,7,70,2.85714285714,0.0,65.7142857143,31.4285714286,1,0,0,0,0,0,0,0,0,0,0,1,0,0,0,0,0,AdverseEvent
4485,13,3,39,5.12820512821,0.0,46.1538461538,48.7179487179,1,0,0,0,0,0,0,1,0,0,0,1,0,1,0,0,0,AdverseEvent
4496,11,5,55,3.63636363636,49.0909090909,18.1818181818,29.0909090909,1,0,0,0,0,0,0,1,0,0,0,1,0,0,0,0,0,AdverseEvent
4532,8,2,16,0.0,0.0,50.0,50.0,1,0,0,0,0,0,0,0,0,0,0,1,0,0,0,0,0,AdverseEvent
4552,45,5,225,27.1111111111,0.0,9.77777777778,63.1111111111,1,0,0,0,0,0,0,1,0,0,0,1,0,0,0,0,0,AdverseEvent
4559,7,5,35,0.0,68.5714285714,0.0,31.4285714286,1,1,0,0,0,0,0,0,0,0,0,1,0,0,0,0,0,AdverseEvent
4588,23,5,115,15.652173913,53.9130434783,0.0,30.4347826087,1,0,0,0,0,0,0,1,0,1,0,1,0,0,0,0,0,AdverseEvent
4589,28,6,168,4.7619047619,0.0,47.0238095238,48.2142857143,1,0,0,0,0,0,0,1,1,0,0,1,0,0,0,1,0,AdverseEvent
4594,33,3,99,27.2727272727,28.2828282828,0.0,44.4444444444,1,0,0,0,0,0,0,0,0,0,0,1,0,0,0,0,0,AdverseEvent
4595,21,20,420,26.6666666667,51.4285714286,4.28571428571,17.619047619,1,0,0,0,0,0,0,1,0,0,0,1,0,0,0,0,0,AdverseEvent
4596,23,20,460,20.8695652174,58.6956521739,3.91304347826,16.5217391304,1,0,0,0,0,0,0,1,0,0,0,1,0,0,0,0,0,AdverseEvent
4610,18,5,90,44.4444444444,20.0,10.0,25.5555555556,1,0,0,0,0,0,0,0,0,0,0,0,0,0,0,0,0,AdverseEvent
4615,22,3,66,45.4545454545,33.3333333333,0.0,21.2121212121,1,0,0,0,0,0,0,0,1,0,0,1,0,0,0,0,0,AdverseEvent
4617,22,13,286,64.6853146853,23.4265734266,0.0,11.8881118881,1,0,0,0,0,0,0,0,1,1,0,1,0,1,0,0,0,AdverseEvent
4625,6,5,30,3.33333333333,10.0,33.3333333333,53.3333333333,1,0,0,0,0,0,0,0,0,0,0,1,0,0,0,0,0,AdverseEvent
4629,19,7,133,1.5037593985,48.1203007519,5.26315789474,45.1127819549,1,0,0,0,0,0,0,0,0,0,0,1,0,0,0,0,0,AdverseEvent
4650,7,5,35,5.71428571429,0.0,42.8571428571,51.4285714286,1,0,0,0,0,0,0,0,1,0,0,1,0,0,0,0,0,AdverseEvent
4664,14,4,56,5.35714285714,17.8571428571,23.2142857143,53.5714285714,1,0,0,0,0,0,0,1,0,0,0,1,0,0,0,0,0,AdverseEvent
4672,9,9,81,1.23456790123,13.5802469136,64.1975308642,20.987654321,1,0,0,0,0,0,0,1,0,0,0,0,0,0,0,0,0,AdverseEvent
4673,13,9,117,0.0,20.5128205128,61.5384615385,17.9487179487,1,0,0,0,0,0,0,1,1,0,0,0,0,0,0,0,0,AdverseEvent
4674,27,4,108,16.6666666667,0.0,57.4074074074,25.9259259259,1,0,0,0,0,0,0,1,1,0,0,1,0,0,0,0,0,AdverseEvent
4675,19,9,171,14.6198830409,4.09356725146,66.081871345,15.2046783626,1,0,0,0,0,0,0,1,0,0,0,0,0,0,0,0,0,AdverseEvent
4682,18,2,36,0.0,0.0,47.2222222222,52.7777777778,1,0,0,0,0,0,0,0,1,0,0,1,0,0,0,0,0,AdverseEvent
4726,9,3,27,0.0,0.0,51.8518518519,48.1481481481,1,0,0,0,0,0,0,1,0,0,0,1,0,0,0,0,0,AdverseEvent
4781,18,5,90,7.77777777778,53.3333333333,0.0,38.8888888889,1,0,0,0,0,0,0,0,0,0,0,1,0,0,0,0,0,AdverseEvent
4798,17,5,85,8.23529411765,0.0,65.8823529412,25.8823529412,1,0,0,0,0,0,0,1,0,0,0,1,0,0,0,0,0,AdverseEvent
4850,8,3,24,4.16666666667,50.0,0.0,45.8333333333,1,0,0,0,0,0,0,0,1,1,0,1,0,0,0,0,0,AdverseEvent
4859,18,2,36,44.4444444444,25.0,0.0,30.5555555556,1,0,0,0,0,0,0,1,0,1,0,1,0,0,0,0,0,AdverseEvent
4882,16,8,128,0.0,71.09375,5.46875,23.4375,1,0,0,0,0,0,0,1,1,0,0,1,0,0,0,0,0,AdverseEvent
4883,11,8,88,0.0,67.0454545455,4.54545454545,28.4090909091,1,0,0,0,0,0,0,1,1,0,0,1,0,0,0,0,0,AdverseEvent
4923,28,11,308,6.81818181818,52.5974025974,0.0,40.5844155844,1,0,0,0,0,0,0,1,1,1,0,1,0,0,0,0,0,AdverseEvent
4947,33,3,99,2.0202020202,54.5454545455,2.0202020202,41.4141414141,1,1,0,0,0,0,0,1,0,0,0,1,0,0,0,0,0,AdverseEvent
4963,8,2,16,0.0,43.75,0.0,56.25,1,0,0,0,0,0,0,0,0,1,0,1,0,0,0,0,0,AdverseEvent
4973,8,6,48,14.5833333333,0.0,31.25,54.1666666667,1,0,0,0,0,0,0,1,1,1,0,0,0,0,0,0,0,AdverseEvent
4975,5,2,10,0.0,0.0,0.0,100.0,1,0,0,0,0,0,0,1,0,1,0,1,0,0,0,0,0,AdverseEvent
4987,7,6,42,40.4761904762,9.52380952381,21.4285714286,28.5714285714,1,0,0,0,0,0,0,1,0,0,0,1,0,0,0,0,0,AdverseEvent
4988,21,6,126,38.0952380952,24.6031746032,13.4920634921,23.8095238095,1,0,0,0,0,0,0,1,0,0,0,1,0,0,0,0,0,AdverseEvent
4999,10,5,50,28.0,32.0,2.0,38.0,1,0,0,0,0,0,0,0,1,1,0,1,0,0,0,0,0,AdverseEvent
5000,30,10,300,61.3333333333,20.3333333333,0.0,18.3333333333,1,0,0,0,0,0,0,1,1,0,0,1,0,0,0,0,0,AdverseEvent
5063,14,3,42,42.8571428571,16.6666666667,0.0,40.4761904762,1,0,0,0,0,0,0,0,1,1,0,1,0,0,0,0,0,AdverseEvent
5092,22,7,154,64.9350649351,23.3766233766,1.2987012987,10.3896103896,1,0,0,0,0,0,0,1,0,0,0,1,0,0,0,0,0,AdverseEvent
5226,8,5,40,0.0,0.0,10.0,90.0,1,0,0,0,0,0,0,0,1,0,0,1,0,0,0,0,0,AdverseEvent
5240,15,5,75,37.3333333333,5.33333333333,17.3333333333,40.0,1,0,0,0,0,0,0,0,1,0,0,1,0,0,0,0,0,AdverseEvent
5243,42,4,168,32.1428571429,15.4761904762,29.1666666667,23.2142857143,1,0,0,0,0,0,0,1,1,1,0,1,0,0,0,0,0,AdverseEvent
5284,21,8,168,2.38095238095,75.0,3.57142857143,19.0476190476,1,1,0,0,0,0,0,1,1,0,0,1,0,0,0,0,0,AdverseEvent
5305,17,6,102,10.7843137255,18.6274509804,35.2941176471,35.2941176471,1,0,0,0,0,0,0,1,0,1,0,1,0,0,0,0,0,AdverseEvent
5322,13,4,52,0.0,26.9230769231,25.0,48.0769230769,1,0,0,0,0,0,0,1,0,0,0,1,0,0,0,0,0,AdverseEvent
8049,13,5,65,16.9230769231,6.15384615385,30.7692307692,46.1538461538,1,0,0,0,0,0,0,0,0,1,0,1,0,1,0,0,0,AdverseEvent
8071,10,2,20,0.0,0.0,45.0,55.0,1,0,0,0,0,0,0,0,0,0,0,1,0,0,0,0,0,AdverseEvent
8107,13,9,117,0.0,81.1965811966,0.0,18.8034188034,1,0,0,0,0,0,0,0,0,0,0,1,0,0,0,0,0,AdverseEvent
8117,6,2,12,0.0,0.0,41.6666666667,58.3333333333,1,0,0,0,0,0,0,1,0,1,0,1,0,0,0,0,0,AdverseEvent
8139,23,3,69,36.231884058,0.0,49.2753623188,14.4927536232,1,0,0,0,0,0,0,0,1,1,0,0,0,0,0,0,0,AdverseEvent
8148,24,5,120,21.6666666667,10.0,24.1666666667,44.1666666667,1,0,0,0,0,0,0,1,1,0,0,1,0,0,0,0,0,AdverseEvent
293,6,3,18,5.55555555556,27.7777777778,27.7777777778,38.8888888889,1,1,0,0,0,0,0,1,0,1,0,1,0,0,0,0,0,AdverseEvent
653,8,4,32,3.125,43.75,0.0,53.125,1,0,0,0,0,0,0,0,0,0,0,1,0,0,0,0,0,AdverseEvent
1048,16,4,64,0.0,23.4375,46.875,29.6875,1,0,0,0,0,0,0,0,1,0,0,1,0,0,0,0,0,AdverseEvent
1658,25,4,100,26.0,33.0,2.0,39.0,1,0,0,0,0,0,0,0,0,1,0,0,0,0,0,1,0,AdverseEvent
1862,14,4,56,21.4285714286,51.7857142857,0.0,26.7857142857,1,0,0,0,0,0,0,1,1,1,0,1,0,0,0,0,0,AdverseEvent
2466,18,4,72,33.3333333333,22.2222222222,0.0,44.4444444444,1,1,0,0,0,0,0,0,0,0,0,1,0,0,0,0,0,AdverseEvent
2467,13,22,286,1.3986013986,87.0629370629,0.0,11.5384615385,1,1,0,0,0,0,0,0,0,1,0,1,0,0,0,0,0,AdverseEvent
4127,7,5,35,2.85714285714,31.4285714286,25.7142857143,40.0,1,0,0,0,0,0,0,0,0,0,0,0,0,0,0,0,0,AdverseEvent
4868,34,4,136,33.8235294118,0.0,30.8823529412,35.2941176471,1,0,0,0,0,0,0,0,0,0,0,1,0,0,0,0,0,AdverseEvent
4901,11,9,99,33.3333333333,36.3636363636,0.0,30.303030303,1,0,0,0,0,0,0,0,0,0,0,1,0,0,0,0,0,AdverseEvent
4951,17,4,68,17.6470588235,17.6470588235,26.4705882353,38.2352941176,1,0,0,0,0,0,0,1,1,0,0,0,0,0,0,0,0,AdverseEvent
5292,7,8,56,1.78571428571,0.0,53.5714285714,44.6428571429,1,0,0,0,0,0,0,0,0,0,0,1,0,0,0,0,0,AdverseEvent
5602,20,2,40,0.0,47.5,0.0,52.5,1,0,0,0,0,0,0,0,1,1,0,1,0,0,0,0,0,AdverseEvent
6186,26,3,78,20.5128205128,41.0256410256,11.5384615385,26.9230769231,1,0,0,0,0,0,0,0,0,0,0,1,0,0,0,0,0,AdverseEvent
6857,7,4,28,3.57142857143,17.8571428571,32.1428571429,46.4285714286,1,0,0,0,0,0,0,0,0,0,0,1,0,0,0,0,0,AdverseEvent
7052,11,6,66,1.51515151515,83.3333333333,0.0,15.1515151515,1,0,0,0,0,0,0,0,1,0,0,1,0,0,0,0,0,AdverseEvent
7103,23,9,207,45.4106280193,0.0,26.5700483092,28.0193236715,1,0,0,0,0,0,0,0,1,1,0,1,0,0,0,0,0,AdverseEvent
7104,23,5,115,55.652173913,1.73913043478,12.1739130435,30.4347826087,1,0,0,0,0,0,0,0,1,0,0,1,0,0,0,0,0,AdverseEvent
7105,23,5,115,55.652173913,7.82608695652,6.08695652174,30.4347826087,1,0,0,0,0,0,0,0,1,0,0,1,0,0,0,0,0,AdverseEvent
7506,36,7,252,47.619047619,26.9841269841,13.4920634921,11.9047619048,1,0,0,0,0,0,0,0,0,0,0,1,0,0,0,0,0,AdverseEvent
7507,34,10,340,47.0588235294,0.0,31.7647058824,21.1764705882,1,0,0,0,0,0,0,0,0,0,0,1,0,0,0,0,0,AdverseEvent
7508,36,13,468,47.4358974359,0.0,43.5897435897,8.97435897436,1,0,0,0,0,0,0,0,0,0,0,1,0,0,0,0,0,AdverseEvent
7509,36,13,468,47.4358974359,0.0,43.5897435897,8.97435897436,1,0,0,0,0,0,0,0,0,0,0,1,0,0,0,0,0,AdverseEvent
7961,12,3,36,2.77777777778,61.1111111111,0.0,36.1111111111,1,0,0,0,0,0,0,0,0,0,0,1,0,0,0,0,0,AdverseEvent
8163,7,6,42,0.0,28.5714285714,0.0,71.4285714286,1,1,0,0,0,0,0,0,1,0,0,1,0,0,0,0,0,AdverseEvent
8446,9,5,45,33.3333333333,15.5555555556,0.0,51.1111111111,1,0,0,0,0,0,0,0,0,0,0,1,0,0,0,0,0,AdverseEvent
9505,28,5,140,59.2857142857,3.57142857143,15.0,22.1428571429,1,0,0,0,0,0,0,1,0,0,0,1,0,0,0,0,0,AdverseEvent
11072,3,7,21,0.0,0.0,57.1428571429,42.8571428571,1,0,0,0,0,0,0,0,0,0,0,1,0,0,0,0,0,AdverseEvent
12375,8,4,32,0.0,53.125,0.0,46.875,1,0,0,0,0,0,0,0,0,0,0,1,0,0,0,0,0,AdverseEvent
12465,4,5,20,0.0,80.0,0.0,20.0,1,0,0,0,0,0,0,0,1,0,0,0,0,1,0,0,0,AdverseEvent
12466,10,5,50,0.0,80.0,0.0,20.0,1,0,0,0,0,0,0,0,1,0,0,1,0,0,0,0,0,AdverseEvent
12519,11,4,44,0.0,68.1818181818,0.0,31.8181818182,1,0,0,0,0,0,0,0,0,0,0,1,0,0,0,0,0,AdverseEvent
12559,10,4,40,0.0,0.0,52.5,47.5,1,0,0,0,0,0,0,1,0,0,0,1,0,0,0,0,0,AdverseEvent
61,10,5,50,2.0,8.0,34.0,56.0,0,0,0,0,0,0,0,0,1,1,0,1,0,1,0,0,0,AdverseEvent
68,12,5,60,25.0,10.0,30.0,35.0,0,0,0,0,0,0,0,0,0,1,0,1,0,1,0,0,0,AdverseEvent
140,8,4,32,3.125,9.375,0.0,87.5,0,0,0,0,0,0,0,0,1,1,0,1,0,1,0,0,0,AdverseEvent
257,3,6,18,5.55555555556,0.0,55.5555555556,38.8888888889,0,0,0,0,0,0,0,0,0,0,0,1,0,1,0,0,0,AdverseEvent
314,15,5,75,25.3333333333,48.0,0.0,26.6666666667,0,0,0,0,0,0,0,0,0,0,0,1,0,1,0,0,0,AdverseEvent
439,21,7,147,24.4897959184,18.3673469388,30.612244898,26.5306122449,0,0,0,0,0,0,0,1,1,1,0,1,0,1,0,0,0,AdverseEvent
486,18,7,126,11.1111111111,44.4444444444,22.2222222222,22.2222222222,0,0,0,0,0,0,0,0,0,0,0,1,0,1,0,0,0,AdverseEvent
492,6,3,18,0.0,27.7777777778,0.0,72.2222222222,0,0,0,0,0,0,0,0,1,0,0,0,0,1,0,0,0,AdverseEvent
627,12,5,60,1.66666666667,23.3333333333,0.0,75.0,0,0,0,0,0,0,0,0,0,0,0,1,0,1,0,0,0,AdverseEvent
742,12,5,60,0.0,35.0,11.6666666667,53.3333333333,0,0,0,0,0,0,0,0,1,0,0,1,0,1,0,0,0,AdverseEvent
3297,15,9,135,7.40740740741,44.4444444444,5.18518518519,42.962962963,0,0,0,0,0,0,0,0,0,1,0,1,0,1,0,1,0,AdverseEvent
3296,19,5,95,22.1052631579,1.05263157895,38.9473684211,37.8947368421,0,0,0,0,0,0,0,0,0,1,0,0,0,1,0,1,0,AdverseEvent
3317,14,5,70,4.28571428571,0.0,50.0,45.7142857143,0,0,0,0,0,0,0,0,0,0,0,0,0,1,0,0,0,AdverseEvent
15,8,2,16,6.25,0.0,0.0,93.75,0,1,0,0,0,1,1,0,0,1,0,0,0,0,1,0,0,InclusionExclusion
33,24,1,24,8.33333333333,0.0,0.0,91.6666666667,0,1,0,0,0,1,1,0,0,1,0,1,0,0,1,0,0,InclusionExclusion
105,22,1,22,0.0,0.0,0.0,100.0,0,1,0,0,0,1,1,0,0,0,0,1,0,0,1,0,0,InclusionExclusion
497,12,1,12,16.6666666667,0.0,0.0,83.3333333333,0,1,0,0,0,1,1,0,0,1,0,0,0,0,1,0,0,InclusionExclusion
622,21,2,42,45.2380952381,0.0,0.0,54.7619047619,0,0,0,0,0,1,1,0,0,1,0,0,0,0,1,0,0,InclusionExclusion
674,8,1,8,0.0,0.0,0.0,100.0,0,0,0,0,0,1,1,0,0,0,0,1,0,0,1,0,0,InclusionExclusion
848,9,2,18,27.7777777778,0.0,0.0,72.2222222222,0,1,0,0,0,1,1,0,0,0,0,1,0,0,1,0,0,InclusionExclusion
874,9,1,9,0.0,0.0,0.0,100.0,0,1,0,0,0,0,1,0,0,1,0,0,0,0,0,0,0,InclusionExclusion
875,20,1,20,0.0,0.0,0.0,100.0,0,1,0,0,0,1,0,0,0,1,0,0,0,0,1,0,0,InclusionExclusion
1095,7,2,14,14.2857142857,0.0,0.0,85.7142857143,0,0,0,0,0,1,1,0,0,0,0,0,0,0,1,0,0,InclusionExclusion
1121,13,1,13,0.0,0.0,0.0,100.0,0,1,0,0,0,1,1,0,0,0,0,0,0,0,1,0,1,InclusionExclusion
1291,16,1,16,81.25,0.0,0.0,18.75,0,0,0,0,0,1,0,0,0,0,0,0,0,0,1,0,0,InclusionExclusion
1332,14,2,28,46.4285714286,0.0,0.0,53.5714285714,0,1,0,0,0,1,1,0,0,0,0,0,0,0,1,0,0,InclusionExclusion
1381,15,2,30,33.3333333333,0.0,0.0,66.6666666667,0,1,0,0,0,1,1,0,0,0,0,0,0,0,1,0,0,InclusionExclusion
3061,9,2,18,33.3333333333,0.0,0.0,66.6666666667,0,1,0,0,0,1,0,0,0,0,0,1,0,0,1,0,0,InclusionExclusion
3882,7,2,14,14.2857142857,0.0,0.0,85.7142857143,0,1,0,0,0,1,1,0,0,1,0,0,0,0,1,0,0,InclusionExclusion
3883,14,2,28,17.8571428571,0.0,0.0,82.1428571429,0,1,0,0,0,1,1,0,1,1,0,1,0,0,1,0,0,InclusionExclusion
4027,14,2,28,21.4285714286,0.0,0.0,78.5714285714,0,1,0,0,0,1,1,0,0,0,0,0,0,0,1,0,0,InclusionExclusion
4408,9,2,18,0.0,50.0,0.0,50.0,0,0,0,0,0,1,0,0,0,1,0,1,0,0,0,0,0,InclusionExclusion
4876,5,2,9,44.4444444444,33.3333333333,0.0,22.2222222222,0,0,0,0,0,1,0,0,0,0,0,0,0,0,0,0,0,InclusionExclusion
4915,16,1,16,37.5,0.0,0.0,62.5,0,1,0,0,0,1,1,0,0,1,0,0,0,0,1,0,1,InclusionExclusion
4944,39,1,39,0.0,0.0,0.0,100.0,0,1,0,0,0,1,1,0,0,0,0,1,0,0,1,0,0,InclusionExclusion
5541,25,2,50,10.0,0.0,0.0,90.0,0,1,0,0,0,1,1,0,0,0,0,1,0,0,1,0,0,InclusionExclusion
5725,8,2,16,6.25,0.0,0.0,93.75,0,0,0,0,0,1,1,0,1,1,0,0,0,0,1,0,0,InclusionExclusion
6177,10,1,10,20.0,0.0,0.0,80.0,0,1,0,0,0,1,1,0,0,1,0,0,0,0,1,0,0,InclusionExclusion
6313,9,3,27,18.5185185185,0.0,0.0,81.4814814815,0,0,0,0,0,1,1,0,0,0,0,0,0,0,1,0,0,InclusionExclusion
6332,14,2,28,50.0,0.0,0.0,50.0,0,0,0,0,0,1,0,0,0,1,0,0,0,0,1,0,0,InclusionExclusion
6562,10,2,20,35.0,0.0,0.0,65.0,0,0,0,0,0,1,1,0,1,1,0,0,0,0,1,0,0,InclusionExclusion
6923,7,1,7,0.0,0.0,0.0,100.0,0,0,0,0,0,0,1,0,0,0,0,1,0,0,0,0,0,InclusionExclusion
7355,2,2,3,0.0,0.0,0.0,100.0,0,1,0,0,0,1,1,0,0,0,0,0,0,0,1,0,0,InclusionExclusion
7386,2,2,3,0.0,0.0,0.0,100.0,0,1,0,0,0,1,1,0,0,1,0,0,0,0,1,0,0,InclusionExclusion
7572,1,2,2,0.0,0.0,0.0,100.0,0,0,0,0,0,1,1,0,0,0,0,0,1,0,1,0,0,InclusionExclusion
7781,18,2,36,36.1111111111,0.0,0.0,63.8888888889,0,1,0,0,0,1,1,0,0,0,0,1,0,0,1,0,0,InclusionExclusion
7932,18,1,18,16.6666666667,0.0,0.0,83.3333333333,0,1,0,0,0,1,1,0,0,0,0,1,0,0,1,0,0,InclusionExclusion
8073,14,1,14,14.2857142857,0.0,0.0,85.7142857143,0,1,0,0,0,1,1,0,0,1,0,1,0,0,1,0,0,InclusionExclusion
8191,5,2,10,20.0,0.0,0.0,80.0,0,0,0,0,0,1,1,0,1,1,0,0,0,0,1,0,0,InclusionExclusion
8324,35,1,35,0.0,0.0,0.0,100.0,0,1,0,0,0,1,1,0,0,0,0,1,0,0,1,0,0,InclusionExclusion
8372,18,2,36,50.0,0.0,0.0,50.0,0,1,0,0,0,1,1,0,0,0,0,1,0,0,1,0,0,InclusionExclusion
8408,21,2,42,42.8571428571,0.0,0.0,57.1428571429,0,1,0,0,0,1,1,0,0,0,0,1,0,0,1,0,0,InclusionExclusion
8478,39,1,39,0.0,0.0,0.0,100.0,0,1,0,0,0,1,1,0,0,1,0,1,0,0,1,0,1,InclusionExclusion
8989,14,2,27,44.4444444444,22.2222222222,0.0,33.3333333333,0,1,0,0,0,1,1,0,0,0,0,0,0,0,1,0,0,InclusionExclusion
9210,11,2,22,9.09090909091,0.0,0.0,90.9090909091,0,1,0,0,0,1,1,0,0,0,0,0,0,0,1,0,0,InclusionExclusion
9252,12,2,24,50.0,0.0,0.0,50.0,0,1,0,0,0,1,1,0,0,1,0,0,0,0,1,0,1,InclusionExclusion
9393,2,2,3,0.0,0.0,0.0,100.0,0,1,0,0,0,1,1,0,0,0,0,0,0,0,1,0,0,InclusionExclusion
9701,1,2,2,0.0,0.0,0.0,100.0,0,0,0,0,0,1,1,0,0,0,0,0,0,0,1,0,0,InclusionExclusion
9708,4,3,12,33.3333333333,0.0,0.0,66.6666666667,0,0,0,0,0,1,1,0,0,1,0,1,0,0,1,0,1,InclusionExclusion
10199,7,2,14,0.0,0.0,0.0,100.0,0,1,0,0,0,1,1,0,1,1,0,1,0,0,1,0,1,InclusionExclusion
10962,10,2,20,20.0,0.0,0.0,80.0,0,0,0,0,0,1,1,0,0,0,0,0,0,0,1,0,0,InclusionExclusion
11246,19,2,38,5.26315789474,0.0,0.0,94.7368421053,0,1,0,0,0,1,1,0,0,0,0,0,0,0,1,0,0,InclusionExclusion
11269,14,2,28,0.0,0.0,0.0,100.0,0,0,0,0,0,1,1,0,0,1,0,0,0,0,1,0,0,InclusionExclusion
11298,35,2,70,48.5714285714,0.0,0.0,51.4285714286,0,1,0,0,0,1,1,0,0,1,0,1,0,0,1,0,0,InclusionExclusion
11809,15,2,30,13.3333333333,0.0,0.0,86.6666666667,0,1,0,0,0,1,1,0,0,1,0,0,0,0,1,0,1,InclusionExclusion
11983,15,2,30,0.0,0.0,0.0,100.0,0,1,0,0,0,0,1,0,0,1,0,0,0,0,1,0,0,InclusionExclusion
11984,18,2,36,0.0,0.0,0.0,100.0,0,1,0,0,0,1,0,0,0,1,0,0,0,0,1,0,0,InclusionExclusion
12138,12,2,24,0.0,0.0,0.0,100.0,0,1,0,0,0,1,1,0,0,0,0,1,0,0,1,0,0,InclusionExclusion
12159,16,2,32,0.0,0.0,0.0,100.0,0,1,0,0,0,1,0,0,0,1,0,0,0,0,0,0,0,InclusionExclusion
12214,22,2,44,29.5454545455,0.0,0.0,70.4545454545,0,1,0,0,0,1,1,0,0,1,0,1,0,0,1,0,0,InclusionExclusion
12337,14,2,28,10.7142857143,0.0,0.0,89.2857142857,0,1,0,0,0,1,1,0,0,0,0,0,0,0,1,0,0,InclusionExclusion
12343,11,2,22,0.0,0.0,0.0,100.0,0,1,0,0,0,1,1,0,0,1,0,0,0,0,1,0,0,InclusionExclusion
12604,2,1,2,50.0,0.0,0.0,50.0,0,0,0,0,0,1,0,0,0,0,0,0,0,0,1,0,0,InclusionExclusion
12674,4,1,4,0.0,0.0,0.0,100.0,0,0,0,0,0,0,1,0,0,0,0,0,0,0,0,0,0,InclusionExclusion
260,2,2,3,0.0,0.0,0.0,100.0,0,1,0,0,0,0,0,0,0,1,0,0,1,0,1,0,0,InclusionExclusion
866,21,1,21,9.52380952381,0.0,0.0,90.4761904762,0,0,0,0,0,0,0,0,0,0,0,1,1,0,1,0,0,InclusionExclusion
1717,10,3,30,16.6666666667,40.0,0.0,43.3333333333,0,0,0,0,0,0,0,0,1,1,0,0,1,0,1,0,0,InclusionExclusion
3291,10,5,50,46.0,26.0,0.0,28.0,0,0,0,0,0,0,0,0,0,1,0,0,1,0,0,0,0,InclusionExclusion
3850,38,3,114,47.3684210526,16.6666666667,16.6666666667,19.298245614,0,0,0,0,0,0,0,1,0,0,0,0,1,0,0,0,0,InclusionExclusion
4419,13,2,26,19.2307692308,0.0,0.0,80.7692307692,0,1,0,0,0,0,0,0,0,1,0,0,1,0,1,0,0,InclusionExclusion
5201,10,2,20,5.0,0.0,0.0,95.0,0,0,0,0,0,0,0,0,0,0,0,0,1,0,1,0,0,InclusionExclusion
5409,41,6,246,22.7642276423,6.09756097561,33.7398373984,37.3983739837,0,1,0,0,0,0,0,0,0,1,0,0,1,0,0,0,1,InclusionExclusion
6122,14,2,28,25.0,0.0,0.0,75.0,0,1,0,0,0,0,0,0,0,1,0,0,1,0,1,0,0,InclusionExclusion
866,21,1,21,9.52380952381,0.0,0.0,90.4761904762,0,0,0,0,0,0,0,0,0,0,0,1,1,0,1,0,0,InclusionExclusion
7238,10,1,10,0.0,0.0,0.0,100.0,0,1,0,0,0,0,0,0,0,0,0,0,1,0,0,0,0,InclusionExclusion
7546,11,1,11,18.1818181818,0.0,0.0,81.8181818182,0,0,0,0,0,0,0,0,0,1,0,0,1,0,1,0,0,InclusionExclusion
7572,1,2,2,0.0,0.0,0.0,100.0,0,0,0,0,0,1,1,0,0,0,0,0,1,0,1,0,0,InclusionExclusion
8327,14,1,14,14.2857142857,0.0,0.0,85.7142857143,0,0,0,0,0,0,0,0,0,1,0,0,1,0,1,0,0,InclusionExclusion
1,13,4,52,1.92307692308,0.0,46.1538461538,51.9230769231,0,0,0,0,0,0,0,0,0,0,0,0,0,0,0,0,0,Other
2,8,4,32,0.0,0.0,50.0,50.0,0,0,0,0,0,0,0,0,0,0,0,0,0,0,0,0,0,Other
3,7,4,28,0.0,0.0,42.8571428571,57.1428571429,0,0,0,0,0,0,0,0,0,0,0,0,0,0,0,0,0,Other
4,8,4,32,0.0,0.0,43.75,56.25,0,0,0,0,0,0,0,0,0,0,0,0,0,0,0,0,0,Other
5,10,4,40,0.0,0.0,45.0,55.0,0,0,0,0,0,0,0,0,0,0,0,0,0,0,0,0,0,Other
6,5,2,10,10.0,0.0,40.0,50.0,0,0,0,0,0,0,0,0,0,0,0,0,0,0,0,0,0,Other
8,4,3,12,0.0,0.0,75.0,25.0,1,0,0,0,0,0,0,0,0,0,0,0,0,0,0,0,0,Other
9,5,3,15,0.0,0.0,0.0,100.0,0,0,0,0,0,0,0,0,0,0,0,0,0,0,0,0,0,Other
11,12,6,72,11.1111111111,41.6666666667,6.94444444444,40.2777777778,0,0,0,0,0,0,0,0,0,0,0,0,0,0,0,0,0,Other
12,12,6,72,18.0555555556,0.0,45.8333333333,36.1111111111,0,0,0,0,0,0,0,1,0,0,0,1,0,0,0,0,0,Other
13,17,6,102,41.1764705882,35.2941176471,2.94117647059,20.5882352941,0,0,0,0,0,0,0,1,0,1,0,0,0,0,0,0,0,Other
14,9,4,36,30.5555555556,16.6666666667,22.2222222222,30.5555555556,0,0,0,0,0,0,0,0,0,0,0,0,0,0,0,0,0,Other
16,24,17,408,14.9509803922,33.0882352941,0.0,51.9607843137,0,1,0,0,0,0,0,0,1,1,0,0,0,0,0,0,0,Other
17,8,5,40,17.5,0.0,50.0,32.5,0,0,0,0,0,0,0,0,1,1,0,0,0,0,0,0,0,Other
18,5,17,85,2.35294117647,0.0,0.0,97.6470588235,0,0,0,0,0,0,0,1,0,0,0,0,0,0,0,0,0,Other
19,9,6,54,12.962962963,11.1111111111,37.037037037,38.8888888889,0,0,0,0,0,0,0,0,0,0,0,0,0,0,0,0,0,Other
21,24,5,120,29.1666666667,2.5,46.6666666667,21.6666666667,0,0,0,0,0,0,0,0,0,0,0,0,0,0,0,0,0,Other
22,21,5,105,29.5238095238,2.85714285714,45.7142857143,21.9047619048,0,0,0,0,0,0,0,0,0,0,0,0,0,0,0,0,0,Other
23,18,5,90,30.0,3.33333333333,44.4444444444,22.2222222222,0,0,0,0,0,0,0,0,0,0,0,0,0,0,0,0,0,Other
24,13,2,26,0.0,0.0,0.0,100.0,0,0,0,0,0,0,0,0,0,0,0,0,0,0,0,0,0,Other
25,6,9,54,0.0,9.25925925926,0.0,90.7407407407,0,0,0,0,0,0,0,0,0,0,0,1,0,0,0,0,0,Other
28,18,10,180,29.4444444444,52.7777777778,2.77777777778,15.0,0,0,0,0,0,0,0,0,0,0,0,0,0,0,0,0,0,Other
29,28,6,168,42.2619047619,0.0,38.0952380952,19.6428571429,0,0,0,0,0,0,0,0,0,0,0,0,0,0,0,0,0,Other
31,10,2,20,5.0,0.0,25.0,70.0,0,1,1,0,0,0,0,0,0,0,0,0,0,0,0,0,0,Other
32,6,2,12,0.0,0.0,25.0,75.0,0,0,0,0,0,0,0,0,0,1,0,1,0,0,0,0,0,Other
35,7,3,21,0.0,9.52380952381,47.619047619,42.8571428571,0,0,0,0,0,0,0,0,0,1,0,0,0,0,0,0,0,Other
37,17,2,34,0.0,47.0588235294,0.0,52.9411764706,0,0,0,0,0,0,0,0,0,0,0,0,0,0,0,0,0,Other
38,18,12,216,11.1111111111,52.7777777778,0.0,36.1111111111,0,1,0,1,0,0,0,0,1,1,0,0,0,0,0,0,0,Other
40,14,7,98,28.5714285714,1.02040816327,51.0204081633,19.387755102,0,0,0,0,0,0,0,0,0,0,0,0,0,0,0,0,0,Other
41,26,7,182,51.0989010989,26.3736263736,1.64835164835,20.8791208791,0,0,1,0,0,0,0,1,0,0,0,0,0,0,0,0,0,Other
42,5,7,35,2.85714285714,5.71428571429,51.4285714286,40.0,0,0,0,0,0,0,0,0,0,0,0,0,0,0,0,0,0,Other
44,14,5,70,12.8571428571,0.0,62.8571428571,24.2857142857,0,0,0,0,0,0,0,0,0,1,0,0,0,0,0,0,0,Other
45,3,3,9,0.0,0.0,55.5555555556,44.4444444444,0,0,1,0,0,0,0,1,0,0,0,0,0,0,0,0,0,Other
46,10,9,90,0.0,0.0,50.0,50.0,0,0,0,0,0,0,0,0,0,0,0,0,0,0,0,0,0,Other
48,7,6,42,2.38095238095,0.0,69.0476190476,28.5714285714,0,0,0,0,0,0,0,0,0,0,0,0,0,0,0,0,0,Other
49,7,6,42,2.38095238095,71.4285714286,0.0,26.1904761905,0,0,0,0,0,0,0,0,0,0,0,0,0,0,0,0,0,Other
50,7,10,70,1.42857142857,0.0,90.0,8.57142857143,0,0,0,0,0,0,0,0,0,0,0,0,0,0,0,0,0,Other
52,7,5,35,20.0,0.0,45.7142857143,34.2857142857,0,0,0,0,0,0,0,0,0,0,0,1,0,0,0,0,0,Other
53,13,5,65,26.1538461538,0.0,49.2307692308,24.6153846154,0,0,0,0,0,0,0,0,0,0,0,0,0,0,0,0,0,Other
54,8,2,16,6.25,0.0,0.0,93.75,0,1,0,0,0,0,0,0,0,0,0,0,0,0,0,0,0,Other
56,28,5,140,40.7142857143,30.0,10.0,19.2857142857,0,0,0,0,0,0,0,0,0,0,0,0,0,0,0,0,0,Other
57,15,5,75,33.3333333333,22.6666666667,6.66666666667,37.3333333333,0,0,0,0,0,0,0,0,0,0,0,0,0,0,0,0,0,Other
58,21,5,105,0.0,19.0476190476,22.8571428571,58.0952380952,0,0,0,0,0,0,0,0,0,0,0,0,0,0,0,0,0,Other
59,9,5,45,0.0,17.7777777778,20.0,62.2222222222,0,0,0,0,0,0,0,0,0,0,0,0,0,0,0,0,0,Other
61,10,5,50,2.0,8.0,34.0,56.0,0,0,0,0,0,0,0,0,1,1,0,1,0,1,0,0,0,Other
62,15,7,105,8.57142857143,11.4285714286,0.0,80.0,0,0,0,0,0,0,0,0,0,0,0,0,0,0,0,0,0,Other
63,5,10,50,2.0,54.0,2.0,42.0,0,0,0,0,0,0,0,0,0,0,0,0,0,0,0,0,0,Other
65,10,5,50,10.0,20.0,38.0,32.0,0,1,0,0,0,0,0,0,0,1,0,0,0,0,0,0,1,Other
67,7,5,35,0.0,34.2857142857,51.4285714286,14.2857142857,0,0,0,0,0,0,0,0,0,1,0,0,0,0,0,0,0,Other
68,12,5,60,25.0,10.0,30.0,35.0,0,0,0,0,0,0,0,0,0,1,0,1,0,1,0,0,0,Other
69,6,3,18,0.0,0.0,55.5555555556,44.4444444444,0,0,0,0,0,0,0,1,0,1,0,0,0,0,0,0,0,Other
70,21,5,105,30.4761904762,45.7142857143,8.57142857143,15.2380952381,0,1,0,0,0,0,0,0,0,1,0,0,0,0,0,0,0,Other
71,17,4,68,30.8823529412,36.7647058824,7.35294117647,25.0,0,0,0,0,0,0,0,0,0,1,0,0,0,0,0,0,0,Other
73,26,3,78,12.8205128205,2.5641025641,43.5897435897,41.0256410256,0,0,0,0,0,0,0,0,0,0,0,1,0,0,0,0,0,Other
74,13,3,39,12.8205128205,5.12820512821,35.8974358974,46.1538461538,0,0,0,0,0,0,0,0,0,0,0,0,0,0,0,0,0,Other
75,8,4,32,31.25,0.0,46.875,21.875,0,0,0,0,0,0,0,1,0,0,0,0,0,0,0,0,0,Other
76,21,4,84,3.57142857143,3.57142857143,64.2857142857,28.5714285714,0,1,0,0,0,0,0,0,0,0,0,0,0,0,0,0,0,Other
77,12,4,48,6.25,6.25,56.25,31.25,0,0,0,0,0,0,0,0,0,0,0,0,0,0,0,0,0,Other
78,17,5,85,16.4705882353,42.3529411765,0.0,41.1764705882,0,1,0,0,0,0,0,1,0,0,0,0,0,0,0,0,0,Other
539,6,5,30,36.6666666667,0.0,30.0,33.3333333333,1,0,0,0,0,0,0,0,0,0,0,0,0,0,0,0,0,Other
764,8,6,48,33.3333333333,16.6666666667,16.6666666667,33.3333333333,1,0,0,0,0,0,0,1,0,0,0,0,0,0,0,0,0,Other
6348,13,3,39,7.69230769231,0.0,56.4102564103,35.8974358974,0,0,0,0,0,1,0,1,1,0,0,0,0,0,1,0,0,Other
7866,13,11,143,9.09090909091,0.0,55.9440559441,34.965034965,0,0,0,0,0,1,0,1,1,1,0,0,0,0,0,0,0,Other
7867,13,11,143,9.09090909091,0.0,55.9440559441,34.965034965,0,0,0,0,0,1,0,1,1,1,0,0,0,0,0,0,0,Other
99,7,5,35,34.2857142857,5.71428571429,20.0,40.0,0,0,0,0,0,0,0,0,0,0,0,0,0,0,0,0,0,Other
100,21,7,147,12.2448979592,10.8843537415,22.4489795918,54.4217687075,0,0,0,0,0,0,0,0,1,0,0,0,0,0,0,0,0,Other
101,18,3,54,14.8148148148,24.0740740741,24.0740740741,37.037037037,0,1,0,1,1,0,0,0,1,1,0,0,0,0,0,0,0,Other
106,7,4,28,21.4285714286,28.5714285714,0.0,50.0,0,0,0,0,0,0,0,0,0,0,0,1,0,0,0,0,0,Other
134,3,5,15,6.66666666667,0.0,46.6666666667,46.6666666667,0,0,0,0,0,0,0,0,0,0,0,0,0,0,0,0,0,Other
230,5,4,20,0.0,20.0,40.0,40.0,0,0,0,0,0,0,0,0,1,0,0,0,0,0,0,0,0,Other
265,12,4,48,0.0,2.08333333333,45.8333333333,52.0833333333,0,1,1,0,0,0,0,1,0,0,0,1,0,0,0,0,0,Other
1027,7,7,49,16.3265306122,28.5714285714,20.4081632653,34.693877551,0,0,0,0,0,0,0,0,0,0,0,0,0,0,0,0,0,Other
1096,12,2,24,16.6666666667,0.0,0.0,83.3333333333,0,0,0,0,0,0,0,0,0,1,0,1,0,0,0,0,0,Other
1106,7,4,28,14.2857142857,0.0,35.7142857143,50.0,0,0,0,0,0,0,0,1,0,0,0,0,0,0,0,0,0,Other
1141,17,4,68,48.5294117647,8.82352941176,11.7647058824,30.8823529412,0,1,0,0,0,0,0,0,0,1,0,0,0,0,0,0,0,Other
1172,5,4,20,0.0,20.0,40.0,40.0,0,0,0,0,0,0,0,1,0,0,0,0,0,0,0,0,0,Other
1224,13,7,91,8.79120879121,43.956043956,14.2857142857,32.967032967,0,1,1,0,1,0,0,0,0,0,0,0,0,0,0,0,0,Other
197,12,6,72,8.33333333333,33.3333333333,22.2222222222,36.1111111111,0,1,0,0,0,0,0,0,0,0,0,0,0,0,0,0,0,Other
388,25,4,100,13.0,38.0,19.0,30.0,0,1,0,0,0,0,0,0,0,0,0,0,0,0,0,0,0,Other
389,4,4,16,0.0,25.0,31.25,43.75,0,0,0,0,0,0,0,0,0,0,0,0,0,0,0,0,0,Other
595,11,5,55,32.7272727273,23.6363636364,14.5454545455,29.0909090909,0,0,0,0,0,0,0,0,0,1,0,0,0,0,0,0,0,Other
655,12,8,96,27.0833333333,37.5,16.6666666667,18.75,0,0,0,0,0,0,0,0,0,0,0,0,0,0,0,0,0,Other
656,18,8,144,29.1666666667,37.5,16.6666666667,16.6666666667,0,0,0,0,0,0,0,0,0,0,0,0,0,0,0,0,0,Other
1139,13,4,52,42.3076923077,7.69230769231,15.3846153846,34.6153846154,0,1,0,0,0,0,0,0,0,1,0,0,0,0,0,0,0,Other
1140,13,4,52,42.3076923077,11.5384615385,11.5384615385,34.6153846154,0,1,0,0,0,0,0,0,1,1,0,0,0,0,0,0,0,Other
1479,16,7,112,25.0,0.0,30.3571428571,44.6428571429,0,0,0,0,0,0,0,0,0,0,0,0,0,0,0,0,0,Other
1702,9,2,18,5.55555555556,0.0,33.3333333333,61.1111111111,0,0,0,0,0,0,0,0,0,0,0,0,0,0,0,0,0,Other
2365,15,13,195,8.71794871795,45.641025641,32.3076923077,13.3333333333,0,0,0,0,0,0,0,0,0,0,0,0,0,0,0,0,1,Other
8624,7,8,56,25.0,48.2142857143,0.0,26.7857142857,0,1,0,0,0,0,0,0,1,0,0,0,0,0,0,0,0,Other
8625,4,8,32,18.75,46.875,0.0,34.375,0,1,0,0,0,0,0,0,1,0,0,0,0,0,0,0,0,Other
8626,4,8,32,18.75,46.875,0.0,34.375,0,1,0,0,0,0,0,0,1,0,0,0,0,0,0,0,0,Other
8633,38,3,114,12.2807017544,24.5614035088,28.0701754386,35.0877192982,0,1,0,0,0,0,0,1,1,0,0,0,0,0,0,0,0,Other
8986,17,3,51,0.0,9.80392156863,52.9411764706,37.2549019608,0,1,0,0,0,0,0,0,0,0,0,0,0,0,0,0,0,Other
8987,7,3,21,0.0,4.7619047619,52.380952381,42.8571428571,0,1,0,0,0,0,0,0,0,0,0,0,0,0,0,0,0,Other
8988,6,6,36,2.77777777778,33.3333333333,22.2222222222,41.6666666667,0,0,0,0,0,0,0,0,0,0,0,0,0,0,0,0,0,Other
9053,62,7,434,54.1474654378,0.0,27.8801843318,17.9723502304,0,1,1,1,0,0,0,1,0,0,0,0,0,0,0,0,0,Other
9054,8,5,40,40.0,15.0,15.0,30.0,0,0,0,0,0,0,0,0,0,0,0,0,0,0,0,0,0,Other
9055,46,7,322,40.0621118012,17.0807453416,31.6770186335,11.1801242236,0,1,1,1,0,0,0,0,0,0,0,0,0,0,0,0,0,Other
9434,17,3,51,11.7647058824,0.0,3.92156862745,84.3137254902,0,1,0,0,0,0,0,0,0,0,0,0,0,0,0,0,0,Other
9887,4,7,28,3.57142857143,17.8571428571,46.4285714286,32.1428571429,0,0,0,0,0,0,0,1,0,0,0,0,0,0,0,0,0,Other
79,5,3,15,26.6666666667,0.0,26.6666666667,46.6666666667,0,0,0,0,0,0,0,0,0,0,0,0,0,0,0,0,0,Other
80,6,7,42,23.8095238095,0.0,42.8571428571,33.3333333333,0,0,0,0,0,0,0,0,0,0,0,0,0,0,0,0,0,Other
81,8,4,32,0.0,18.75,37.5,43.75,0,0,0,0,0,0,0,1,0,1,0,0,0,0,0,0,1,Other
82,8,4,32,0.0,18.75,25.0,56.25,0,0,0,0,0,0,0,1,0,1,0,0,0,0,0,0,1,Other
83,10,2,20,0.0,5.0,40.0,55.0,0,0,0,0,0,0,0,0,0,0,0,0,0,0,1,0,0,Other
84,10,3,30,0.0,0.0,56.6666666667,43.3333333333,0,1,1,0,0,0,0,1,0,0,0,1,0,0,0,0,0,Other
85,9,5,45,6.66666666667,24.4444444444,40.0,28.8888888889,0,0,0,0,0,0,0,1,0,0,0,0,0,0,0,0,0,Other
86,4,3,12,0.0,0.0,50.0,50.0,0,0,0,0,0,0,0,0,0,0,0,0,0,0,0,0,0,Other
87,32,4,128,10.15625,20.3125,42.1875,27.34375,0,1,0,0,1,0,0,0,0,1,0,0,0,0,0,0,0,Other
88,4,4,16,6.25,18.75,37.5,37.5,0,0,0,0,0,0,0,0,0,0,0,0,0,0,0,0,0,Other
90,15,4,60,0.0,0.0,68.3333333333,31.6666666667,0,0,0,0,0,0,0,0,0,0,0,0,0,0,0,0,0,Other
91,15,2,30,6.66666666667,0.0,40.0,53.3333333333,0,1,0,1,0,0,0,1,1,1,0,0,0,0,0,0,0,Other
92,31,6,186,12.3655913978,11.2903225806,34.4086021505,41.935483871,0,0,0,0,0,0,0,1,0,0,0,0,0,0,0,0,0,Other
93,6,3,18,0.0,22.2222222222,33.3333333333,44.4444444444,0,0,0,0,0,0,0,0,0,1,0,0,0,0,0,0,0,Other
94,12,3,36,0.0,30.5555555556,30.5555555556,38.8888888889,0,0,0,0,0,0,0,0,1,1,0,0,0,0,0,0,0,Other
96,18,2,36,22.2222222222,0.0,25.0,52.7777777778,0,0,0,0,0,0,0,0,0,0,0,1,0,0,0,0,0,Other
98,9,3,27,0.0,59.2592592593,0.0,40.7407407407,0,0,0,0,0,0,0,0,0,1,0,0,0,0,0,0,0,Other
103,9,5,45,2.22222222222,31.1111111111,40.0,26.6666666667,0,0,0,0,0,0,0,0,1,1,0,1,0,0,0,0,0,Other
104,9,6,54,0.0,42.5925925926,25.9259259259,31.4814814815,0,0,0,0,0,0,0,0,0,1,0,0,0,0,0,0,0,Other
107,11,8,88,19.3181818182,6.81818181818,0.0,73.8636363636,0,0,0,0,0,0,0,0,0,0,0,0,0,0,0,0,0,Other
108,12,4,48,2.08333333333,16.6666666667,25.0,56.25,0,0,0,0,0,0,0,0,0,0,0,1,0,0,0,0,0,Other
109,12,4,48,2.08333333333,22.9166666667,37.5,37.5,0,0,0,0,0,0,0,0,1,0,0,1,0,0,0,0,0,Other
110,6,8,48,25.0,8.33333333333,25.0,41.6666666667,0,1,0,0,0,0,0,0,0,0,0,0,0,0,0,0,0,Other
112,6,4,24,4.16666666667,8.33333333333,54.1666666667,33.3333333333,0,0,0,0,0,0,0,0,1,0,0,0,0,0,0,0,0,Other
113,16,5,80,12.5,12.5,37.5,37.5,0,0,0,0,0,0,0,0,0,0,0,1,0,0,0,0,0,Other
114,5,4,20,5.0,0.0,40.0,55.0,0,0,1,0,0,0,0,0,0,0,0,1,0,0,0,0,0,Other
117,6,8,48,31.25,0.0,29.1666666667,39.5833333333,0,0,0,0,0,0,0,0,0,0,0,1,0,0,0,0,0,Other
118,21,6,126,21.4285714286,14.2857142857,42.8571428571,21.4285714286,0,0,0,0,0,0,0,0,0,0,0,0,0,0,0,0,0,Other
120,23,3,69,18.8405797101,40.5797101449,8.69565217391,31.884057971,0,1,0,0,1,0,0,0,1,1,0,0,0,0,0,0,0,Other
121,22,4,88,27.2727272727,27.2727272727,20.4545454545,25.0,0,0,0,1,0,0,0,0,0,0,0,0,0,0,0,0,0,Other
123,14,5,70,1.42857142857,0.0,74.2857142857,24.2857142857,0,0,0,0,0,0,0,0,0,0,0,0,0,0,0,0,0,Other
124,14,7,98,1.02040816327,0.0,40.8163265306,58.1632653061,0,0,0,0,0,0,0,0,0,0,0,0,0,0,0,0,0,Other
125,15,5,75,42.6666666667,36.0,0.0,21.3333333333,0,0,0,0,0,0,0,0,0,0,0,0,0,0,0,0,0,Other
126,14,3,42,2.38095238095,0.0,66.6666666667,30.9523809524,0,0,0,0,0,0,0,0,0,0,0,0,0,0,0,0,0,Other
127,13,3,39,33.3333333333,0.0,30.7692307692,35.8974358974,0,1,0,0,0,0,0,1,0,0,0,0,0,0,0,0,0,Other
128,6,3,18,0.0,55.5555555556,0.0,44.4444444444,0,0,0,0,0,0,0,0,0,0,0,0,0,0,0,0,0,Other
129,4,5,20,25.0,25.0,5.0,45.0,0,0,0,0,0,0,0,0,0,0,0,0,0,0,0,0,0,Other
131,22,5,110,26.3636363636,0.909090909091,44.5454545455,28.1818181818,0,0,1,0,0,0,0,0,0,0,0,0,0,0,0,0,0,Other
132,8,4,32,3.125,15.625,50.0,31.25,0,1,0,0,0,0,0,0,0,0,0,0,0,0,0,0,0,Other
133,16,5,80,26.25,0.0,50.0,23.75,0,0,1,0,0,0,0,0,0,0,0,0,0,0,0,0,0,Other
134,3,5,15,6.66666666667,0.0,46.6666666667,46.6666666667,0,0,0,0,0,0,0,0,0,0,0,0,0,0,0,0,0,Other
135,3,9,27,0.0,3.7037037037,29.6296296296,66.6666666667,0,0,0,0,0,0,0,0,0,0,0,0,0,0,0,0,0,Other
136,2,7,14,0.0,42.8571428571,7.14285714286,50.0,0,0,0,1,0,0,0,1,0,0,0,1,0,0,0,0,0,Other
137,3,7,21,0.0,57.1428571429,0.0,42.8571428571,0,0,0,0,0,0,0,0,0,0,0,1,0,0,0,0,0,Other
138,7,3,21,0.0,0.0,47.619047619,52.380952381,0,0,0,0,0,0,0,0,0,0,0,0,0,0,0,0,0,Other
1090,8,6,48,0.0,50.0,12.5,37.5,0,0,0,0,0,0,0,0,1,0,0,0,0,0,0,0,1,Other
1096,12,2,24,16.6666666667,0.0,0.0,83.3333333333,0,0,0,0,0,0,0,0,0,1,0,1,0,0,0,0,0,Other
290,8,5,40,2.5,10.0,60.0,27.5,0,1,0,1,0,0,0,0,0,0,0,0,0,0,0,0,0,Other
292,3,8,24,4.16666666667,8.33333333333,33.3333333333,54.1666666667,0,0,0,0,0,0,0,0,0,0,0,0,0,0,0,0,0,Other
294,30,3,90,1.11111111111,0.0,62.2222222222,36.6666666667,0,0,0,0,0,0,0,0,0,0,0,0,0,0,0,0,0,Other
295,3,8,24,4.16666666667,41.6666666667,16.6666666667,37.5,0,0,0,0,0,0,0,0,0,0,0,0,0,0,0,0,0,Other
299,9,5,45,2.22222222222,13.3333333333,57.7777777778,26.6666666667,0,0,0,0,0,0,0,0,1,0,0,0,0,0,0,0,0,Other
3318,3,5,15,0.0,53.3333333333,13.3333333333,33.3333333333,0,0,0,0,0,0,0,0,0,1,0,0,0,1,0,0,0,Other
10,20,6,120,15.8333333333,3.33333333333,58.3333333333,22.5,0,1,0,1,0,0,0,0,1,0,0,1,0,0,0,0,0,BaselineCharacteristic
20,13,3,39,5.12820512821,25.641025641,30.7692307692,38.4615384615,0,1,0,1,1,0,0,1,1,0,0,0,0,0,0,0,0,BaselineCharacteristic
26,19,5,95,21.0526315789,11.5789473684,40.0,27.3684210526,0,1,0,1,0,0,0,0,1,1,0,0,0,0,0,0,0,BaselineCharacteristic
30,17,4,68,17.6470588235,38.2352941176,20.5882352941,23.5294117647,0,1,1,1,0,0,0,1,1,0,0,0,0,0,0,0,0,BaselineCharacteristic
34,13,2,26,11.5384615385,0.0,38.4615384615,50.0,0,1,1,1,1,0,0,0,0,0,0,0,0,0,0,0,0,BaselineCharacteristic
39,27,2,54,37.037037037,0.0,27.7777777778,35.1851851852,0,1,0,1,1,0,0,0,0,1,0,0,0,0,0,0,0,BaselineCharacteristic
43,10,4,40,2.5,2.5,42.5,52.5,0,1,1,1,0,0,0,0,1,1,0,1,0,0,0,0,0,BaselineCharacteristic
47,11,8,88,7.95454545455,0.0,68.1818181818,23.8636363636,0,1,0,0,0,0,0,0,0,0,0,0,0,0,0,0,0,BaselineCharacteristic
51,6,4,24,0.0,62.5,0.0,37.5,0,1,0,0,0,0,0,0,0,0,0,0,0,0,0,0,0,BaselineCharacteristic
55,16,3,48,27.0833333333,14.5833333333,22.9166666667,35.4166666667,0,1,0,0,1,0,0,1,0,0,0,0,0,0,0,0,0,BaselineCharacteristic
60,10,2,20,15.0,15.0,25.0,45.0,0,1,0,1,0,0,0,0,1,0,0,0,0,0,0,0,0,BaselineCharacteristic
64,16,2,32,9.375,34.375,6.25,50.0,0,1,0,1,0,0,0,1,1,1,0,0,0,0,0,0,0,BaselineCharacteristic
66,15,3,45,20.0,22.2222222222,31.1111111111,26.6666666667,0,1,0,1,0,0,0,0,1,1,0,0,0,0,0,0,0,BaselineCharacteristic
72,4,7,28,10.7142857143,21.4285714286,25.0,42.8571428571,0,1,0,0,1,0,0,1,0,0,0,0,0,0,0,0,0,BaselineCharacteristic
1656,24,6,144,24.3055555556,34.0277777778,4.16666666667,37.5,0,1,0,1,0,0,1,1,1,0,0,0,0,0,0,0,0,BaselineCharacteristic
3508,21,6,126,1.5873015873,28.5714285714,34.9206349206,34.9206349206,0,1,0,1,0,0,1,1,1,1,0,0,0,0,0,0,0,BaselineCharacteristic
3572,9,3,27,0.0,0.0,37.037037037,62.962962963,0,1,0,1,0,0,1,0,1,0,0,0,0,0,0,0,0,BaselineCharacteristic
12673,13,3,39,5.12820512821,46.1538461538,10.2564102564,38.4615384615,0,1,0,1,0,0,0,1,1,0,0,0,0,0,0,0,0,BaselineCharacteristic
160,41,4,164,13.4146341463,0.609756097561,39.6341463415,46.3414634146,0,1,1,1,0,0,0,0,0,1,0,1,0,0,0,0,0,BaselineCharacteristic
198,7,2,14,7.14285714286,14.2857142857,14.2857142857,64.2857142857,0,1,1,1,0,0,0,0,1,0,0,0,0,0,0,0,0,BaselineCharacteristic
276,9,4,36,0.0,5.55555555556,47.2222222222,47.2222222222,0,1,1,1,0,0,0,0,0,0,0,0,0,0,0,0,0,BaselineCharacteristic
297,27,5,135,29.6296296296,0.0,45.9259259259,24.4444444444,0,0,1,1,0,0,0,1,0,0,0,0,0,0,0,0,0,BaselineCharacteristic
341,16,5,80,23.75,5.0,45.0,26.25,0,1,1,1,0,0,0,0,0,0,0,0,0,0,0,0,0,BaselineCharacteristic
355,32,7,224,19.6428571429,3.57142857143,59.375,17.4107142857,0,1,1,1,0,0,0,0,0,1,0,0,0,0,0,0,0,BaselineCharacteristic
365,9,6,54,0.0,48.1481481481,11.1111111111,40.7407407407,0,1,1,1,0,0,0,0,0,0,0,1,0,0,0,0,0,BaselineCharacteristic
466,13,2,26,15.3846153846,0.0,30.7692307692,53.8461538462,0,1,1,1,0,0,0,0,0,0,0,0,0,0,0,0,0,BaselineCharacteristic
521,7,3,21,4.7619047619,42.8571428571,9.52380952381,42.8571428571,0,1,1,1,0,0,0,0,1,1,0,0,0,0,0,0,1,BaselineCharacteristic
567,25,6,150,0.666666666667,0.0,80.0,19.3333333333,0,1,1,1,0,0,0,1,1,1,0,0,0,0,0,0,0,BaselineCharacteristic
649,8,3,24,4.16666666667,58.3333333333,0.0,37.5,0,1,1,1,0,0,0,0,0,0,0,0,0,0,0,0,0,BaselineCharacteristic
679,40,4,160,0.625,0.0,55.625,43.75,0,1,1,1,1,0,0,0,1,0,0,0,0,0,0,0,0,BaselineCharacteristic
713,22,5,110,13.6363636364,61.8181818182,0.0,24.5454545455,0,1,1,1,0,0,0,1,0,0,0,0,0,0,0,0,1,BaselineCharacteristic
876,7,5,35,5.71428571429,22.8571428571,28.5714285714,42.8571428571,0,1,1,1,0,0,0,0,0,0,0,0,0,0,0,0,0,BaselineCharacteristic
882,43,3,129,21.7054263566,22.480620155,21.7054263566,34.1085271318,0,1,1,1,0,0,0,0,1,0,0,0,0,0,0,0,0,BaselineCharacteristic
884,36,4,144,26.3888888889,30.5555555556,16.6666666667,26.3888888889,0,1,1,1,0,0,0,0,1,1,0,0,0,0,0,0,0,BaselineCharacteristic
947,6,4,24,4.16666666667,12.5,25.0,58.3333333333,0,0,1,1,0,0,0,1,1,1,0,0,0,0,0,0,0,BaselineCharacteristic
984,11,3,33,0.0,0.0,60.6060606061,39.3939393939,0,1,1,1,0,0,0,0,0,0,0,1,0,0,0,0,0,BaselineCharacteristic
1067,18,5,90,10.0,7.77777777778,41.1111111111,41.1111111111,0,1,1,1,0,0,0,1,0,0,0,0,0,0,0,0,0,BaselineCharacteristic
1078,25,2,50,0.0,0.0,44.0,56.0,0,1,1,1,0,0,0,0,1,1,0,0,0,0,0,0,0,BaselineCharacteristic
1122,14,5,70,2.85714285714,25.7142857143,42.8571428571,28.5714285714,0,1,1,1,0,0,0,0,0,0,0,0,0,0,0,0,0,BaselineCharacteristic
1125,28,2,56,1.78571428571,1.78571428571,39.2857142857,57.1428571429,0,1,1,1,1,0,0,1,1,0,0,1,0,0,0,0,0,BaselineCharacteristic
1146,19,3,57,12.2807017544,3.50877192982,38.5964912281,45.6140350877,0,1,1,1,0,0,0,0,1,0,0,0,0,0,0,0,0,BaselineCharacteristic
1168,21,3,63,1.5873015873,0.0,47.619047619,50.7936507937,0,1,1,1,0,0,0,0,0,0,0,0,0,0,0,0,0,BaselineCharacteristic
1180,25,4,100,1.0,0.0,58.0,41.0,0,1,1,1,0,0,0,1,0,0,0,0,0,0,0,0,0,BaselineCharacteristic
1200,10,4,40,0.0,7.5,60.0,32.5,0,1,1,1,0,0,0,0,0,0,0,0,0,0,0,0,0,BaselineCharacteristic
1206,24,5,120,2.5,0.0,45.0,52.5,0,1,1,1,0,0,0,0,0,0,0,0,0,0,0,0,0,BaselineCharacteristic
1271,8,4,32,6.25,37.5,6.25,50.0,0,1,1,1,0,0,0,0,1,1,0,0,0,0,0,0,0,BaselineCharacteristic
1273,26,18,104,15.3846153846,51.9230769231,5.76923076923,26.9230769231,0,1,1,1,0,0,0,1,0,0,0,0,0,0,0,0,0,BaselineCharacteristic
1293,18,4,72,0.0,0.0,68.0555555556,31.9444444444,0,1,1,1,1,0,0,1,1,0,0,1,0,0,0,0,0,BaselineCharacteristic
1401,11,4,44,0.0,0.0,47.7272727273,52.2727272727,0,1,1,1,1,0,0,1,0,0,0,0,0,0,0,0,0,BaselineCharacteristic
1481,16,3,48,16.6666666667,16.6666666667,29.1666666667,37.5,0,1,1,1,0,0,0,1,0,0,0,0,0,0,0,0,0,BaselineCharacteristic
1499,20,2,40,35.0,2.5,27.5,35.0,0,1,1,1,0,0,0,0,1,1,0,0,0,0,0,0,0,BaselineCharacteristic
1527,20,4,80,35.0,27.5,12.5,25.0,0,1,1,1,0,0,0,0,1,0,0,0,0,0,0,0,0,BaselineCharacteristic
1577,32,3,96,8.33333333333,39.5833333333,4.16666666667,47.9166666667,0,1,1,1,0,0,0,0,0,0,0,0,0,0,0,0,0,BaselineCharacteristic
1584,26,3,78,15.3846153846,41.0256410256,6.41025641026,37.1794871795,0,1,1,1,0,0,0,0,1,1,0,0,0,0,0,0,0,BaselineCharacteristic
1631,52,4,208,24.0384615385,13.9423076923,40.3846153846,21.6346153846,0,1,1,1,1,0,0,1,1,0,0,0,0,0,0,0,0,BaselineCharacteristic
1675,24,4,96,20.8333333333,37.5,11.4583333333,30.2083333333,0,1,1,1,0,0,0,1,0,0,0,0,0,0,0,0,0,BaselineCharacteristic
1693,30,2,60,16.6666666667,0.0,45.0,38.3333333333,0,1,1,1,0,0,0,1,1,0,0,0,0,0,0,0,0,BaselineCharacteristic
1715,33,2,66,22.7272727273,25.7575757576,6.06060606061,45.4545454545,0,1,1,1,0,0,0,1,1,1,0,0,0,0,0,0,0,BaselineCharacteristic
1767,45,3,135,28.8888888889,40.7407407407,3.7037037037,26.6666666667,0,1,1,1,0,0,0,0,1,0,0,1,0,0,0,0,0,BaselineCharacteristic
1837,33,2,66,24.2424242424,0.0,40.9090909091,34.8484848485,0,1,1,1,0,0,0,1,1,1,0,0,0,0,0,0,0,BaselineCharacteristic
1879,36,7,252,34.126984127,50.0,1.19047619048,14.6825396825,0,1,1,1,0,0,0,1,1,0,0,0,0,0,0,0,0,BaselineCharacteristic
102,31,2,62,12.9032258065,4.83870967742,35.4838709677,46.7741935484,0,1,0,1,0,0,0,0,1,1,0,0,0,0,0,0,0,BaselineCharacteristic
111,8,3,24,16.6666666667,33.3333333333,16.6666666667,33.3333333333,0,1,0,1,0,0,0,0,1,1,0,1,0,0,0,0,0,BaselineCharacteristic
116,18,3,54,22.2222222222,20.3703703704,29.6296296296,27.7777777778,0,1,0,1,0,0,0,1,1,1,0,0,0,0,0,0,0,BaselineCharacteristic
148,18,5,90,18.8888888889,14.4444444444,43.3333333333,23.3333333333,0,1,0,1,0,0,0,0,1,0,0,1,0,0,0,0,0,BaselineCharacteristic
150,14,3,42,2.38095238095,19.0476190476,38.0952380952,40.4761904762,0,1,0,1,0,0,0,0,1,0,0,0,0,0,0,0,0,BaselineCharacteristic
190,6,7,42,0.0,0.0,50.0,50.0,0,1,0,1,0,0,0,0,1,0,0,1,0,0,0,0,0,BaselineCharacteristic
268,15,4,60,6.66666666667,30.0,35.0,28.3333333333,0,1,1,0,0,0,0,1,0,0,0,0,0,0,0,0,0,BaselineCharacteristic
271,19,2,38,0.0,0.0,39.4736842105,60.5263157895,0,1,0,1,0,0,0,1,1,1,0,1,0,0,0,0,0,BaselineCharacteristic
275,31,10,310,0.0,53.8709677419,4.1935483871,41.935483871,0,1,0,1,0,0,0,0,1,1,0,0,0,0,0,0,0,BaselineCharacteristic
280,10,2,20,0.0,5.0,45.0,50.0,0,0,0,1,0,0,0,0,1,0,0,0,0,0,0,0,0,BaselineCharacteristic
312,29,2,58,10.3448275862,1.72413793103,48.275862069,39.6551724138,0,1,0,1,0,0,0,0,1,1,0,0,0,0,0,0,0,BaselineCharacteristic
339,33,3,99,24.2424242424,35.3535353535,10.101010101,30.303030303,0,1,0,1,0,0,0,0,1,1,0,0,0,0,0,0,0,BaselineCharacteristic
348,18,2,36,0.0,0.0,41.6666666667,58.3333333333,0,1,0,1,0,0,0,0,1,0,0,0,0,0,0,0,0,BaselineCharacteristic
363,2,11,22,40.9090909091,0.0,0.0,59.0909090909,0,1,0,1,0,0,0,0,1,1,0,0,0,0,0,0,0,BaselineCharacteristic
370,16,2,32,3.125,0.0,43.75,53.125,0,1,0,1,0,0,0,0,1,0,0,0,0,0,0,0,0,BaselineCharacteristic
371,9,11,99,0.0,80.8080808081,0.0,19.1919191919,0,1,0,1,0,0,0,1,1,0,0,0,0,0,0,0,0,BaselineCharacteristic
380,22,2,44,0.0,31.8181818182,13.6363636364,54.5454545455,0,1,0,1,0,0,0,0,1,1,0,0,0,0,0,0,0,BaselineCharacteristic
391,29,2,58,1.72413793103,44.8275862069,1.72413793103,51.724137931,0,1,0,1,0,0,0,0,1,1,0,0,0,0,0,0,0,BaselineCharacteristic
408,9,12,108,0.0,51.8518518519,14.8148148148,33.3333333333,0,1,0,1,0,0,0,0,1,1,0,0,0,0,0,0,0,BaselineCharacteristic
409,6,4,24,0.0,16.6666666667,45.8333333333,37.5,0,1,0,1,0,0,0,1,1,0,0,0,0,0,0,0,0,BaselineCharacteristic
414,12,3,36,2.77777777778,61.1111111111,0.0,36.1111111111,0,1,0,1,0,0,0,0,1,0,0,0,0,0,0,0,0,BaselineCharacteristic
434,42,2,84,0.0,33.3333333333,9.52380952381,57.1428571429,0,1,0,1,0,0,0,1,1,1,0,0,0,0,0,0,0,BaselineCharacteristic
444,32,2,64,7.8125,12.5,20.3125,59.375,0,1,0,1,0,0,0,0,1,1,0,0,0,0,0,0,0,BaselineCharacteristic
470,35,2,70,15.7142857143,4.28571428571,34.2857142857,45.7142857143,0,1,0,1,0,0,0,0,1,1,0,0,0,0,0,0,0,BaselineCharacteristic
484,15,5,75,10.6666666667,28.0,28.0,33.3333333333,0,1,0,1,0,0,0,0,1,0,0,0,0,0,0,0,0,BaselineCharacteristic
584,10,12,120,0.0,53.3333333333,6.66666666667,40.0,0,1,0,1,0,0,1,0,1,1,0,0,0,0,0,0,0,BaselineCharacteristic
760,13,5,65,15.3846153846,10.7692307692,32.3076923077,41.5384615385,0,1,0,1,0,0,0,1,1,0,0,0,0,0,0,0,0,BaselineCharacteristic
1588,22,3,66,27.2727272727,18.1818181818,12.1212121212,42.4242424242,0,1,1,1,0,0,0,0,1,0,0,0,0,0,0,0,0,BaselineCharacteristic
1592,31,2,62,20.9677419355,32.2580645161,6.45161290323,40.3225806452,0,1,0,1,0,0,0,0,1,1,0,0,0,0,0,0,0,BaselineCharacteristic
1597,35,2,70,14.2857142857,32.8571428571,10.0,42.8571428571,0,1,1,1,0,0,0,0,1,1,0,0,0,0,0,0,0,BaselineCharacteristic
1608,29,2,58,13.7931034483,20.6896551724,15.5172413793,50.0,0,1,0,1,0,0,0,0,1,1,0,0,0,0,0,0,0,BaselineCharacteristic
1612,43,2,86,17.4418604651,31.3953488372,1.16279069767,50.0,0,1,0,1,0,0,0,0,1,0,0,0,0,0,0,0,0,BaselineCharacteristic
1628,39,2,78,21.7948717949,3.84615384615,29.4871794872,44.8717948718,0,1,0,1,0,0,0,0,1,1,0,1,0,0,0,0,0,BaselineCharacteristic
1636,38,3,114,16.6666666667,41.2280701754,7.89473684211,34.2105263158,0,1,0,1,0,0,0,1,1,1,0,0,0,0,0,0,0,BaselineCharacteristic
1639,19,4,76,11.8421052632,40.7894736842,10.5263157895,36.8421052632,0,1,0,1,0,0,0,1,1,0,0,0,0,0,0,0,0,BaselineCharacteristic
1646,45,3,135,21.4814814815,23.7037037037,8.88888888889,45.9259259259,0,1,0,1,0,0,0,0,1,1,0,0,0,0,0,0,0,BaselineCharacteristic
1656,24,6,144,24.3055555556,34.0277777778,4.16666666667,37.5,0,1,0,1,0,0,1,1,1,0,0,0,0,0,0,0,0,BaselineCharacteristic
1659,16,5,80,11.25,0.0,51.25,37.5,0,1,0,1,0,0,0,1,1,1,0,0,0,0,0,0,0,BaselineCharacteristic
1666,24,2,48,25.0,0.0,33.3333333333,41.6666666667,0,1,1,1,0,0,0,1,1,0,0,0,0,0,0,0,0,BaselineCharacteristic
1671,48,2,96,16.6666666667,2.08333333333,34.375,46.875,0,1,0,1,0,0,0,0,1,1,0,0,0,0,0,0,0,BaselineCharacteristic
1688,32,2,64,18.75,28.125,3.125,50.0,0,1,0,1,0,0,0,0,1,0,0,0,0,0,0,0,0,BaselineCharacteristic
1703,25,2,50,16.0,30.0,8.0,46.0,0,1,0,1,0,0,0,0,1,1,0,0,0,0,0,0,0,BaselineCharacteristic
1707,19,6,114,21.0526315789,0.0,43.8596491228,35.0877192982,0,1,0,1,0,0,0,1,1,0,0,0,0,0,0,0,0,BaselineCharacteristic
1712,9,6,54,0.0,29.6296296296,14.8148148148,55.5555555556,0,1,0,1,0,0,0,0,1,1,0,0,0,0,0,0,0,BaselineCharacteristic
1724,31,4,124,40.3225806452,5.64516129032,34.6774193548,19.3548387097,0,1,0,1,0,0,0,0,1,1,0,0,0,0,0,0,0,BaselineCharacteristic
1727,37,3,111,16.2162162162,37.8378378378,8.10810810811,37.8378378378,0,1,1,1,0,0,0,0,1,0,0,0,0,0,0,0,0,BaselineCharacteristic
1734,26,2,52,25.0,0.0,38.4615384615,36.5384615385,0,1,1,1,0,0,0,1,1,0,0,0,0,0,0,0,0,BaselineCharacteristic
1744,31,2,62,32.2580645161,3.22580645161,24.1935483871,40.3225806452,0,1,0,1,0,0,0,0,1,1,0,0,0,0,0,0,0,BaselineCharacteristic
9639,29,5,145,11.0344827586,1.37931034483,62.0689655172,25.5172413793,0,1,1,1,0,0,0,0,1,1,0,0,0,0,0,0,0,BaselineCharacteristic
9658,12,4,48,37.5,0.0,37.5,25.0,0,1,1,1,0,0,0,1,0,0,0,1,0,0,0,0,0,BaselineCharacteristic
9675,12,3,36,2.77777777778,5.55555555556,44.4444444444,47.2222222222,0,1,1,1,1,0,0,0,0,0,0,0,0,0,0,0,0,BaselineCharacteristic
9697,15,4,60,15.0,0.0,45.0,40.0,0,1,1,1,0,0,0,0,1,1,0,0,0,0,0,0,0,BaselineCharacteristic
9705,68,4,272,34.9264705882,0.735294117647,43.3823529412,20.9558823529,0,1,1,1,1,0,0,1,0,0,0,0,0,0,0,0,0,BaselineCharacteristic
9718,15,8,120,21.6666666667,19.1666666667,39.1666666667,20.0,0,1,1,1,0,0,0,0,0,1,0,0,0,0,0,0,0,BaselineCharacteristic
9762,58,4,232,56.4655172414,0.431034482759,22.4137931034,20.6896551724,0,1,1,1,1,0,0,1,0,0,0,1,0,0,0,0,0,BaselineCharacteristic
9788,36,4,144,16.6666666667,0.0,54.1666666667,29.1666666667,0,1,1,1,0,0,0,0,1,1,0,0,0,0,0,0,0,BaselineCharacteristic
9820,23,2,46,34.7826086957,2.17391304348,21.7391304348,41.3043478261,0,1,1,1,1,0,0,0,0,0,0,0,0,0,0,0,0,BaselineCharacteristic
9844,10,4,40,17.5,0.0,35.0,47.5,0,1,1,1,0,0,0,1,0,0,0,1,0,0,0,0,0,BaselineCharacteristic
9888,29,5,145,11.724137931,6.89655172414,51.0344827586,30.3448275862,0,1,1,1,0,0,0,1,1,1,0,0,0,0,0,0,0,BaselineCharacteristic
9890,30,7,210,30.0,14.2857142857,31.9047619048,23.8095238095,0,1,1,1,0,0,0,1,0,1,0,0,0,0,0,0,0,BaselineCharacteristic
9893,15,3,45,6.66666666667,0.0,62.2222222222,31.1111111111,0,1,1,1,1,0,0,0,0,0,0,0,0,0,0,0,0,BaselineCharacteristic
9895,13,3,39,2.5641025641,46.1538461538,15.3846153846,35.8974358974,0,1,1,1,0,0,0,1,0,0,0,0,0,0,0,0,0,BaselineCharacteristic
9948,31,5,155,18.7096774194,1.29032258065,50.3225806452,29.6774193548,0,1,1,1,0,0,0,0,0,0,0,0,0,0,0,0,1,BaselineCharacteristic
9954,21,4,84,14.2857142857,19.0476190476,38.0952380952,28.5714285714,0,1,1,1,0,0,0,1,0,0,0,0,0,0,0,0,0,BaselineCharacteristic
9997,26,8,208,25.0,33.6538461538,7.21153846154,34.1346153846,0,1,1,1,0,0,0,0,1,1,0,0,0,0,0,0,0,BaselineCharacteristic
10003,48,4,192,16.6666666667,0.0,48.9583333333,34.375,0,1,1,1,0,0,0,1,1,0,0,0,0,0,0,0,0,BaselineCharacteristic
10050,39,2,78,34.6153846154,0.0,41.0256410256,24.358974359,0,1,1,1,1,0,0,0,1,1,0,0,0,0,0,0,0,BaselineCharacteristic
10052,31,3,93,7.52688172043,55.9139784946,9.67741935484,26.8817204301,0,1,1,1,0,0,0,0,1,1,0,0,0,0,0,0,0,BaselineCharacteristic
10055,32,2,64,6.25,0.0,37.5,56.25,0,1,1,1,0,0,0,0,0,0,0,0,0,0,0,0,0,BaselineCharacteristic
10068,35,5,175,0.571428571429,0.0,60.5714285714,38.8571428571,0,1,1,1,1,0,0,1,0,0,0,1,0,0,0,0,0,BaselineCharacteristic
10072,41,4,164,9.75609756098,54.8780487805,9.14634146341,26.2195121951,0,1,1,1,0,0,0,1,0,0,0,0,0,0,0,0,0,BaselineCharacteristic
10075,41,3,123,29.2682926829,4.87804878049,39.0243902439,26.8292682927,0,1,1,1,1,0,0,0,1,0,0,0,0,0,0,0,0,BaselineCharacteristic
10132,33,2,66,34.8484848485,0.0,36.3636363636,28.7878787879,0,1,1,1,1,0,0,0,1,1,0,0,0,0,0,0,0,BaselineCharacteristic
10136,25,2,50,10.0,0.0,42.0,48.0,0,1,1,1,0,0,0,0,1,1,0,0,0,0,0,0,0,BaselineCharacteristic
10169,13,5,65,10.7692307692,0.0,55.3846153846,33.8461538462,0,1,1,1,0,0,0,1,0,0,0,0,0,0,0,0,0,BaselineCharacteristic
10195,23,4,92,11.9565217391,6.52173913043,36.9565217391,44.5652173913,0,1,1,1,0,0,0,0,0,0,0,0,0,0,0,0,0,BaselineCharacteristic
10212,35,3,105,21.9047619048,1.90476190476,40.0,36.1904761905,0,1,1,1,0,0,0,1,0,0,0,0,0,0,0,0,0,BaselineCharacteristic
10234,27,2,54,0.0,3.7037037037,42.5925925926,53.7037037037,0,1,1,1,0,0,0,0,1,0,0,0,0,0,0,0,0,BaselineCharacteristic
10255,29,10,290,2.75862068966,44.1379310345,2.41379310345,50.6896551724,0,1,1,1,0,0,0,1,0,0,0,0,0,0,0,0,0,BaselineCharacteristic
10296,11,2,22,0.0,0.0,31.8181818182,68.1818181818,0,1,1,1,0,0,0,0,1,0,0,0,0,0,0,0,0,BaselineCharacteristic
10297,12,4,48,8.33333333333,6.25,43.75,41.6666666667,0,1,1,1,0,0,0,0,1,0,0,0,0,0,0,0,0,BaselineCharacteristic
10299,19,4,76,17.1052631579,15.7894736842,34.2105263158,32.8947368421,0,1,1,1,0,0,0,0,1,0,0,0,0,0,0,0,0,BaselineCharacteristic
10307,18,2,36,41.6666666667,27.7777777778,8.33333333333,22.2222222222,0,1,1,1,1,0,0,0,1,0,0,0,0,0,0,0,0,BaselineCharacteristic
10311,26,5,130,16.1538461538,3.07692307692,55.3846153846,25.3846153846,0,1,1,1,1,0,0,0,0,0,0,0,0,0,0,0,0,BaselineCharacteristic
10742,28,3,84,0.0,2.38095238095,47.619047619,50.0,0,1,1,1,1,0,0,1,1,0,0,0,0,0,0,0,0,BaselineCharacteristic
10746,19,2,38,5.26315789474,0.0,34.2105263158,60.5263157895,0,1,1,1,1,0,0,0,1,0,0,0,0,0,0,0,0,BaselineCharacteristic
10846,36,4,144,20.1388888889,4.16666666667,32.6388888889,43.0555555556,0,1,1,1,0,0,0,1,0,0,0,0,0,0,0,0,0,BaselineCharacteristic
10863,10,3,30,0.0,0.0,53.3333333333,46.6666666667,0,1,1,1,0,0,0,0,0,0,0,0,0,0,0,0,0,BaselineCharacteristic
10922,19,5,95,12.6315789474,13.6842105263,41.0526315789,32.6315789474,0,1,1,1,0,0,0,1,1,0,0,0,0,0,0,0,0,BaselineCharacteristic
10927,21,3,63,12.6984126984,9.52380952381,38.0952380952,39.6825396825,0,1,1,1,0,0,0,1,1,0,0,0,0,0,0,0,0,BaselineCharacteristic
10939,11,5,55,1.81818181818,36.3636363636,14.5454545455,47.2727272727,0,1,1,1,1,0,0,1,1,0,0,1,0,0,0,0,0,BaselineCharacteristic
10945,14,4,56,1.78571428571,16.0714285714,35.7142857143,46.4285714286,0,1,1,1,0,0,0,0,0,0,0,0,0,0,0,0,0,BaselineCharacteristic
10946,15,6,90,2.22222222222,28.8888888889,32.2222222222,36.6666666667,0,1,1,1,0,0,0,0,1,0,0,0,0,0,0,0,0,BaselineCharacteristic
10947,15,6,90,2.22222222222,28.8888888889,32.2222222222,36.6666666667,0,1,1,1,0,0,0,0,1,0,0,0,0,0,0,0,0,BaselineCharacteristic
10996,17,4,68,22.0588235294,16.1764705882,32.3529411765,29.4117647059,0,1,1,1,0,0,0,1,0,0,0,0,0,0,0,0,0,BaselineCharacteristic
11026,39,3,117,11.1111111111,5.12820512821,54.7008547009,29.0598290598,0,1,1,1,0,0,0,1,1,0,0,0,0,0,0,0,0,BaselineCharacteristic
89,19,2,38,0.0,0.0,34.2105263158,65.7894736842,0,1,0,0,1,0,0,0,0,0,0,0,0,0,0,0,0,BaselineCharacteristic
95,4,2,8,0.0,12.5,12.5,75.0,0,1,0,0,1,0,0,0,0,1,0,0,0,0,0,0,0,BaselineCharacteristic
97,33,2,66,9.09090909091,3.0303030303,39.3939393939,48.4848484848,0,1,0,1,1,0,0,0,0,0,0,0,0,0,0,0,0,BaselineCharacteristic
122,9,5,45,2.22222222222,48.8888888889,20.0,28.8888888889,0,1,0,1,1,0,0,0,0,0,0,0,0,0,0,0,0,BaselineCharacteristic
130,10,5,50,14.0,4.0,44.0,38.0,0,1,0,0,1,0,0,1,0,0,0,0,0,0,0,0,0,BaselineCharacteristic
145,13,2,26,0.0,0.0,46.1538461538,53.8461538462,0,1,0,0,1,0,0,0,1,0,0,1,0,0,0,0,0,BaselineCharacteristic
158,26,4,104,22.1153846154,18.2692307692,34.6153846154,25.0,0,1,1,1,1,0,0,1,0,0,0,0,0,0,0,0,0,BaselineCharacteristic
161,18,2,36,25.0,0.0,25.0,50.0,0,1,0,1,1,0,0,0,1,1,0,0,0,0,0,0,0,BaselineCharacteristic
181,11,7,77,23.3766233766,38.961038961,19.4805194805,18.1818181818,0,1,1,1,1,0,0,1,0,0,0,0,0,0,0,0,0,BaselineCharacteristic
183,12,4,48,2.08333333333,6.25,62.5,29.1666666667,0,1,0,1,1,0,0,0,1,1,0,0,0,0,0,0,0,BaselineCharacteristic
241,29,5,145,9.65517241379,46.8965517241,6.20689655172,37.2413793103,0,1,0,1,1,0,0,1,0,0,0,0,0,0,0,0,0,BaselineCharacteristic
250,6,3,18,5.55555555556,0.0,55.5555555556,38.8888888889,0,1,0,1,1,0,0,1,0,0,0,0,0,0,0,0,0,BaselineCharacteristic
291,16,2,32,3.125,25.0,25.0,46.875,0,1,1,1,1,0,0,0,1,1,0,0,0,0,0,0,0,BaselineCharacteristic
296,24,4,96,38.5416666667,18.75,18.75,23.9583333333,0,1,0,0,1,0,0,1,1,0,0,0,0,0,0,0,0,BaselineCharacteristic
298,23,5,115,15.652173913,8.69565217391,53.0434782609,22.6086956522,0,1,0,0,1,0,0,0,1,0,0,0,0,0,0,0,0,BaselineCharacteristic
361,9,4,36,11.1111111111,5.55555555556,41.6666666667,41.6666666667,0,1,0,0,1,0,0,0,0,0,0,0,0,0,0,0,0,BaselineCharacteristic
376,10,5,50,10.0,8.0,34.0,48.0,0,1,0,1,1,0,0,1,1,0,0,0,0,0,0,0,0,BaselineCharacteristic
405,11,2,22,0.0,31.8181818182,4.54545454545,63.6363636364,0,1,0,1,1,0,0,0,1,1,0,0,0,0,0,0,0,BaselineCharacteristic
532,11,3,33,6.06060606061,36.3636363636,18.1818181818,39.3939393939,0,1,0,1,1,0,0,0,1,1,0,0,0,0,0,0,0,BaselineCharacteristic
550,15,4,60,0.0,20.0,45.0,35.0,0,1,0,0,1,0,0,1,0,0,0,0,0,0,0,0,0,BaselineCharacteristic
560,18,5,90,13.3333333333,31.1111111111,21.1111111111,34.4444444444,0,1,1,1,1,0,0,1,0,0,0,0,0,0,0,0,0,BaselineCharacteristic
593,12,5,60,0.0,21.6666666667,45.0,33.3333333333,0,1,1,1,1,0,0,1,0,0,0,1,0,0,0,0,0,BaselineCharacteristic
596,12,5,60,26.6666666667,28.3333333333,3.33333333333,41.6666666667,0,1,0,0,1,0,0,1,0,0,0,0,0,0,0,0,0,BaselineCharacteristic
598,12,4,48,0.0,18.75,37.5,43.75,0,1,0,0,1,0,0,1,0,0,0,0,0,0,0,0,0,BaselineCharacteristic
606,13,8,104,0.0,68.2692307692,9.61538461538,22.1153846154,0,1,0,0,1,0,0,0,0,0,0,0,0,0,0,0,0,BaselineCharacteristic
2932,18,3,54,16.6666666667,33.3333333333,7.40740740741,42.5925925926,0,1,0,1,0,0,0,0,1,1,0,0,0,0,0,0,0,BaselineCharacteristic
2950,45,3,135,25.1851851852,1.48148148148,34.8148148148,38.5185185185,0,0,0,1,0,0,0,1,1,0,0,1,0,0,0,0,0,BaselineCharacteristic
3727,29,4,116,38.7931034483,8.62068965517,29.3103448276,23.275862069,0,1,1,1,0,0,0,1,1,0,0,0,0,0,0,0,0,BaselineCharacteristic
4752,24,2,48,25.0,29.1666666667,14.5833333333,31.25,0,1,0,1,0,0,0,0,1,0,0,0,0,0,0,0,0,BaselineCharacteristic
